Name,EGFP,EGFP,DAPI,DAPI,MitoTracker Red CMXRos,MitoTracker Red CMXRos,mCitrine,mCitrine
Spectrum Type,Ab,Em,Ab,Em,Ab,Em,Ab,Em
Quantum Yield,,0.6,,,,,,
Extinction Coefficient,,"56,000",,,,,,
200,,,,,,,,
201,,,,,,,,
202,,,,,,,,
203,,,,,,,,
204,,,,,,,,
205,,,,,,,,
206,,,,,,,,
207,,,,,,,,
208,,,,,,,,
209,,,,,,,,
210,,,,,,,,
211,,,,,,,,
212,,,,,,,,
213,,,,,,,,
214,,,,,,,,
215,,,,,,,,
216,,,,,,,,
217,,,,,,,,
218,,,,,,,,
219,,,,,,,,
220,,,,,,,,
221,,,,,,,,
222,,,,,,,,
223,,,,,,,,
224,,,,,,,,
225,,,,,,,,
226,,,,,,,,
227,,,,,,,,
228,,,,,,,,
229,,,,,,,,
230,,,,,,,,
231,,,,,,,,
232,,,,,,,,
233,,,,,,,,
234,,,,,,,,
235,,,,,,,,
236,,,,,,,,
237,,,,,,,,
238,,,,,,,,
239,,,,,,,,
240,,,,,,,,
241,,,,,,,,
242,,,,,,,,
243,,,,,,,,
244,,,,,,,,
245,,,,,,,,
246,,,,,,,,
247,,,,,,,,
248,,,,,,,,
249,,,,,,,,
250,,,,,,,,
251,,,,,,,,
252,,,,,,,,
253,,,,,,,,
254,,,,,,,,
255,,,,,,,,
256,,,,,,,,
257,,,,,,,,
258,,,,,,,,
259,,,,,,,,
260,,,,,,,,
261,,,,,,,,
262,,,,,,,,
263,,,,,,,,
264,,,,,,,,
265,,,,,,,,
266,,,,,,,,
267,,,,,,,,
268,,,,,,,,
269,,,,,,,,
270,,,,,,,,
271,,,,,,,,
272,,,,,,,,
273,,,,,,,,
274,,,,,,,,
275,,,,,,,,
276,,,,,,,,
277,,,,,,,,
278,,,,,,,,
279,,,,,,,,
280,,,,,,,,
281,,,,,,,,
282,,,,,,,,
283,,,,,,,,
284,,,,,,,,
285,,,,,,,,
286,,,,,,,,
287,,,,,,,,
288,,,,,,,,
289,,,,,,,,
290,,,,,,,,
291,,,,,,,,
292,,,,,,,,
293,,,,,,,,
294,,,,,,,,
295,,,,,,,,
296,,,,,,,,
297,,,,,,,,
298,,,,,,,,
299,,,,,,,,
300,0.096211765,,0.6112957,,0.1355363,0,0.058568233,
301,0.087224858,,0.5548173,,0.1384766,0,0.052431128,
302,0.080075865,,0.4950166,,0.1401568,0,0.050330738,
303,0.073880414,,0.4642857,,0.141417,0,0.045815537,
304,0.067471447,,0.4418605,,0.1435172,0,0.043594156,
305,0.061201631,,0.4194352,,0.1450574,0,0.038509568,
306,0.057892437,,0.4069767,,0.1470176,0,0.036350926,
307,0.05410283,,0.4011628,,0.1506581,0,0.034020968,
308,0.052830307,,0.3978405,,0.1538785,0,0.032923409,
309,0.049037976,,0.3995016,,0.1577989,0,0.0295164,
310,0.048697908,,0.4036545,,0.1635396,0,0.029511955,
311,0.047399324,,0.4136213,,0.1674601,0,0.028630676,
312,0.045873938,,0.4227575,,0.1712405,0,0.027218066,
313,0.044578157,,0.4335548,,0.175161,0,0.026904009,
314,0.04391426,,0.4526578,,0.1767012,0,0.027014539,
315,0.044649251,,0.4700997,,0.1760011,0,0.025702238,
316,0.044204068,,0.4883721,,0.1713806,0,0.026484103,
317,0.042004382,,0.5116279,,0.1653598,0,0.025413636,
318,0.041226039,,0.5299003,,0.1570988,0,0.025123443,
319,0.039900683,,0.5506644,,0.1426771,0,0.024978536,
320,0.039053254,,0.5805648,,0.1304957,0,0.024400419,
321,0.037819566,,0.5996678,,0.1177541,0,0.02464263,
322,0.035277436,,0.6179402,,0.100112,0,0.023840546,
323,0.034614148,,0.6461794,,0.08807056,0,0.023643726,
324,0.034751467,,0.6644518,,0.07742929,0,0.023376932,
325,0.034631953,,0.6827242,,0.06524783,0,0.023123611,
326,0.031724821,,0.7076411,,0.05796696,0,0.022831166,
327,0.032413893,,0.7217608,,0.05152618,0,0.023202621,
328,0.032141083,,0.7392027,,0.04424531,0,0.023940246,
329,0.029563787,,0.7641196,,0.03948474,0,0.022213989,
330,0.03079229,,0.7790697,,0.0358443,0,0.022430205,
331,0.030460746,,0.7948505,,0.03178381,0,0.022115406,
332,0.02989004,,0.8156146,,0.02898348,0,0.022371596,
333,0.031682807,,0.8305648,,0.02674321,0,0.022834627,
334,0.031248087,,0.8405315,,0.02366284,0,0.023875341,
335,0.030291687,,0.8563123,,0.02212265,0,0.021947,
336,0.032212148,,0.8687708,,0.02128255,0,0.024255303,
337,0.032374108,,0.8795681,,0.0200224,0,0.024362125,
338,0.032585431,,0.8936877,,0.0191823,0,0.023885988,
339,0.033437466,,0.8995016,,0.01932232,0,0.023216557,
340,0.034823649,,0.9061462,,0.01960235,0,0.024921827,
341,0.034588471,,0.9169435,,0.01974237,0,0.024453247,
342,0.035732945,,0.9227575,,0.01974237,0,0.024745514,
343,0.036379527,,0.9269102,,0.02030244,0,0.024276854,
344,0.037361082,,0.9352159,,0.02100252,0,0.024629766,
345,0.039757217,,0.9418604,,0.02184262,0,0.025219205,
346,0.04124095,,0.948505,,0.02324279,0,0.025383911,
347,0.042879883,,0.9551495,,0.02478297,0,0.024878888,
348,0.043806805,,0.9601328,,0.02604312,0,0.02299662,
349,0.046640093,,0.9659469,,0.02772333,0,0.023118273,
350,0.04895206,,0.9725913,,0.02912349,0,0.021975268,
351,0.048075445,,0.9784053,,0.03066368,0,0.018894179,
352,0.051169477,,0.9833887,,0.03290395,0,0.021771358,
353,0.056989649,,0.9883721,,0.03430412,0,0.023400859,
354,0.053922251,,0.9908638,,0.03556427,0,0.023472403,
355,0.055660383,,0.9933555,,0.03738449,0,0.02018923,
356,0.058994872,,0.9966777,,0.03878465,0,0.018797872,
357,0.061618444,,0.9983389,,0.04046485,0,0.020632627,
358,0.064603692,,1,,0.04256511,0,0.020862985,
359,0.066179123,,1,,0.04410529,0,0.018977988,
360,0.068477183,,0.9983389,,0.04606553,0,0.021601046,
361,0.072282448,,0.9958472,,0.04858583,0,0.019921923,
362,0.072945868,,0.9908638,,0.05054606,0,0.019455501,
363,0.075568965,,0.986711,,0.05264632,0,0.019453232,
364,0.079787291,,0.980897,,0.05572669,0,0.019357896,
365,0.081354159,,0.9692691,,0.05782694,0,0.019402179,
366,0.084128088,,0.9593024,,0.06006721,0,0.017405362,
367,0.087514673,,0.9468439,,0.06230748,0,0.016404193,
368,0.090892322,,0.929402,,0.06342761,0,0.017028151,
369,0.092056292,,0.9152824,,0.06440773,0,0.016273771,
370,0.095531271,,0.8995016,,0.06510781,0,0.015177569,
371,0.09838212,,0.877907,,0.06510781,0,0.015904258,
372,0.100237307,,0.8596346,,0.06468776,0,0.015032415,
373,0.101117148,,0.8405315,,0.0632876,0,0.014048701,
374,0.107751953,,0.8164452,,0.06160739,0,0.014300292,
375,0.11028486,,0.7981728,,0.05992719,0,0.014408369,
376,0.112291915,,0.7807309,,0.05698684,0,0.014113489,
377,0.116021991,,0.7558139,,0.05460655,0,0.0151574,
378,0.117397163,,0.736711,,0.05236629,0,0.014292573,
379,0.121732806,,0.717608,,0.04858583,0,0.014987942,
380,0.124974976,,0.6901994,,0.04592551,0,0.013622837,
381,0.126882043,,0.6686047,,0.04340521,0,0.014211769,
382,0.129631861,,0.6461794,,0.03990479,0,0.014127959,
383,0.132441567,,0.614618,,0.03738449,0,0.014377971,
384,0.13494488,,0.5905315,,0.03514422,0,0.013793792,
385,0.136305444,,0.5656146,,0.0324839,0,0.014029412,
386,0.139307737,,0.5307309,,0.03052366,0,0.014380223,
387,0.142942907,,0.5033223,,0.02856343,0,0.0154488,
388,0.144221259,,0.4742525,,0.02604312,0,0.015134937,
389,0.14651991,,0.4360465,,0.02450294,0,0.014659454,
390,0.147955869,,0.4053156,,0.02310277,0,0.015047669,
391,0.151305318,,0.3762458,,0.02156259,0,0.014449387,
392,0.154131259,,0.3372093,,0.02044245,0,0.014665408,
393,0.156116276,,0.3081395,,0.01946234,0,0.014874215,
394,0.158214909,,0.2807309,,0.0183422,0,0.014680453,
395,0.160446488,,0.2450166,,0.01792215,0,0.015176844,
396,0.162167743,,0.2209302,,0.01764212,0,0.015001464,
397,0.164557352,,0.198505,,0.0175021,0,0.015793477,
398,0.165109169,,0.1710963,,0.01736208,0,0.01603239,
399,0.167147592,,0.1519934,,0.01722207,0,0.016389028,
400,0.168343645,,0.1353821,0.1181029,0.01736208,0,0.016453563,
401,0.168214771,,0.1162791,0.1305848,0.0175021,0,0.016657651,
402,0.169984162,,0.10299,0.1449921,0.0175021,0,0.016820477,
403,0.170100976,,0.09136212,0.1612385,0.01778213,0,0.016981929,
404,0.171026565,,0.08056479,0.1802439,0.01792215,0,0.016583456,
405,0.17316072,,0.0730897,0.1983295,0.01806217,0,0.018055377,
406,0.173196343,,0.06644518,0.2167218,0.01862223,0,0.017875835,
407,0.174229797,,0.05980066,0.239712,0.01876225,0,0.017967561,
408,0.176295639,,0.05481728,0.257629,0.01904229,0,0.019071245,
409,0.176839499,,0.04900332,0.2785424,0.01946234,0,0.01885406,
410,0.17757656,,0.04318937,0.2988496,0.01974237,0,0.018134187,
411,0.179720905,,0.03820598,0.3134325,0.02016242,0,0.018404775,
412,0.181814998,,0.03322259,0.3374044,0.02044245,0,0.018390414,
413,0.183962686,,0.02906977,0.3568919,0.02058247,0,0.019125876,
414,0.18575659,,0.02574751,0.3763519,0.0208625,0,0.01844159,
415,0.187903563,,0.02325581,0.3988427,0.02142257,0,0.018687455,
416,0.190102015,,0.01993356,0.4186127,0.02142257,0,0.01879257,
417,0.193252921,,0.01827242,0.4449955,0.0217026,0,0.01934639,
418,0.196673633,,0.01744186,0.4620789,0.02212265,0,0.019989317,
419,0.19919721,,0.01578073,0.4860853,0.02226267,0,0.019874523,
420,0.202822627,,0.0141196,0.5091616,0.02240269,0,0.020902984,
421,0.20519822,,0.01328904,0.5322725,0.02240269,0,0.020376097,
422,0.2078932,,0.01245847,0.5547978,0.02226267,0,0.020643141,
423,0.211250431,,0.01162791,0.5734656,0.02212265,0,0.021303952,
424,0.214702621,,0.01079734,0.587587,0.02212265,0,0.020843536,
425,0.218043427,,0.009966778,0.6118689,0.02198264,0,0.021941549,
426,0.22178741,,0.009966778,0.6279879,0.02184262,0,0.021656132,
427,0.225435457,,0.009966778,0.6487566,0.02156259,0,0.022189088,
428,0.229905375,,0.008305648,0.6710064,0.02128255,0,0.02264747,
429,0.235451408,,0.007475083,0.6964938,0.0208625,0,0.023334706,
430,0.240799321,,0.007475083,0.7131638,0.02058247,0,0.02394518,
431,0.245643975,,0.006644518,0.7377557,0.02016242,0,0.024381599,
432,0.251811613,,0.006644518,0.7506372,0.01974237,0,0.024398049,
433,0.258277878,,0.005813953,0.7714404,0.0191823,0,0.025339061,
434,0.266102984,,0.004983389,0.7904526,0.01890227,0,0.025502855,
435,0.274126415,,0.004983389,0.8080182,0.01876225,0,0.026932612,
436,0.283158407,,0.004152824,0.8208997,0.01876225,0,0.027345546,
437,0.291827095,,0.003322259,0.8372942,0.01848222,0,0.027981168,
438,0.301808197,,0.003322259,0.8478336,0.0183422,0,0.029232622,
439,0.314146014,,0.004152824,0.8569263,0.0183422,0,0.030585678,
440,0.32480423,,0.003322259,0.8697734,0.0183422,0,0.032156477,
441,0.337027204,,0.002491694,0.896604,0.0183422,0,0.03352159,
442,0.349633951,,0.001661129,0.9128952,0.01820218,0,0.035260031,
443,0.36294672,,0.002491694,0.9132052,0.01820218,0,0.036934454,
444,0.376595608,,0.001661129,0.9274299,0.01806217,0,0.038892125,
445,0.39150143,,0.001661129,0.9437211,0.01806217,0,0.04046385,
446,0.407177338,,0.000831,0.9437211,0.01806217,0,0.043418667,
447,0.422506323,,0.000831,0.9508163,0.01778213,0,0.045593884,
448,0.439250213,,0.000831,0.9585313,0.01722207,0,0.048145297,
449,0.455787953,,0,0.9662121,0.01694203,0,0.051222741,
450,0.4733523,,0,0.96325,0.01680202,0,0.054194535,
451,0.489829771,,0,0.9700696,0.016662,0,0.057302225,
452,0.507998057,,0,0.9748226,0.01652198,0,0.060520384,
453,0.525355113,,0,0.9780602,0.01638197,0,0.063605086,
454,0.543107477,,0,0.9927327,0.01624195,0,0.066217693,
455,0.561031243,,0,0.9882552,0.01610193,0,0.069803775,
456,0.578507318,,0,0.9930427,0.01596192,0,0.07305013,
457,0.595051044,,0,0.9957291,0.0158219,0,0.075763613,
458,0.611877015,,0,0.9879452,0.01554186,0,0.079854382,
459,0.62835837,,0,0.9932493,0.01540185,0,0.083685799,
460,0.643794665,,0,0.9941104,0.01512182,0,0.088056575,
461,0.660063913,,0,1,0.0149818,0,0.092925928,
462,0.674443758,,0,0.9913206,0.01484178,0,0.097704596,
463,0.688745583,0.002735659,0,0.9988978,0.01470176,0,0.102971695,
464,0.70180735,0.003099256,0,0.9981401,0.01442173,0,0.108411423,
465,0.715071589,0.003360384,0,0.988324,0.01428171,0,0.114514948,
466,0.727735539,0.003991364,0,0.9910449,0.01428171,0,0.120806344,
467,0.739694722,0.004340943,0,0.9798512,0.01428171,0,0.127713704,
468,0.752407727,0.005096152,0,0.9816422,0.0141417,0,0.136343922,
469,0.764727762,0.006058988,0,0.9715851,0.01428171,0,0.145290003,
470,0.777079332,0.007167881,0,0.9698285,0.01442173,0,0.15521409,
471,0.788889304,0.008606307,0,0.9613213,0.01456175,0,0.166065227,
472,0.801713327,0.010133883,0,0.9528139,0.01484178,0,0.178000212,
473,0.814289152,0.012206673,0,0.9426534,0.0149818,0,0.191004744,
474,0.828576318,0.015094781,0,0.9305641,0.01540185,0,0.205529417,
475,0.841845111,0.017850456,0,0.9240201,0.01596192,0,0.219750116,
476,0.856100216,0.022003058,0,0.9138596,0.01652198,0,0.23527064,
477,0.87051662,0.0265639,0,0.9076599,0.01722207,0,0.250659108,
478,0.884566275,0.03182726,0,0.9112765,0.01848222,0,0.265309247,
479,0.900311211,0.038429059,0,0.9010126,0.01932232,0,0.281030835,
480,0.91514307,0.046122385,0,0.8937453,0.02030244,0,0.29422513,
481,0.929017176,0.055017139,0,0.8725632,0.02184262,0,0.306651202,
482,0.943643176,0.065063017,0,0.8656403,0.02310277,0,0.318087152,
483,0.956847789,0.078255621,0,0.8415651,0.02436292,0,0.327042394,
484,0.969145515,0.092036766,0,0.834711,0.02618314,0,0.335229888,0.001740173
485,0.979271127,0.109017067,0,0.8238961,0.02772333,0,0.3411463,0.001765665
486,0.988537914,0.126621272,0,0.8163532,0.02940353,0,0.346583764,0.001887733
487,0.993941277,0.147950677,0,0.8026108,0.0316438,0,0.351153718,0.002086439
488,0.998198957,0.171554619,0,0.7911758,0.03318398,0,0.354024188,0.002261459
489,1,0.198142183,0,0.7823586,0.03486418,0,0.358384699,0.002527149
490,0.996854248,0.226742287,0,0.7806709,0.03738449,0,0.361724106,0.002715901
491,0.990849019,0.258711835,0,0.7707516,0.03906469,0,0.366657733,0.003070493
492,0.979741126,0.294534885,0,0.7509128,0.04074489,0,0.372927988,0.003463713
493,0.964037887,0.331472353,0,0.7396501,0.04312518,0,0.379038669,0.003880999
494,0.944214032,0.371416294,0,0.7307295,0.04480538,0,0.38813942,0.004668147
495,0.919420723,0.415519769,0,0.7198112,0.0466256,0,0.398241618,0.00549951
496,0.89039175,0.459751319,0,0.7069298,0.04900588,0,0.408773981,0.006452924
497,0.856115692,0.508786501,0,0.6910519,0.05054606,0,0.422211917,0.007811222
498,0.818834975,0.559359652,0,0.6862299,0.05222627,0,0.43768726,0.009231251
499,0.777514993,0.610420888,0,0.6758627,0.05460655,0,0.455597925,0.011431732
500,0.734627857,0.664928701,0,0.6675277,0.05628675,0,0.476211243,0.013618692
501,0.687353745,0.718196981,0,0.6481367,0.05796696,0,0.499855238,0.016594762
502,0.639935036,0.766608639,0,0.6467245,0.06048726,0,0.52662897,0.020176401
503,0.590594222,0.816120062,0,0.6325343,0.06230748,0,0.557022303,0.025997242
504,0.542821961,0.862209049,0,0.6180341,0.0641277,0,0.591787403,0.03164098
505,0.493045778,0.902704315,0,0.6099401,0.06678802,0,0.629212578,0.040303001
506,0.445872697,0.93546494,0,0.610009,0.06888826,0,0.670538907,0.050102372
507,0.399594269,0.966408061,0,0.59296,0.07112854,0,0.71519581,0.064014029
508,0.35481744,0.987663141,0,0.5806985,0.07462896,0,0.760686094,0.078814109
509,0.313643924,0.999375945,0,0.5751877,0.07756931,0,0.808559927,0.099765206
510,0.274675839,0.999907379,0,0.5579665,0.0807897,0,0.854523405,0.123168021
511,0.237581387,1,0,0.5503892,0.0858303,0,0.898904825,0.152906144
512,0.204212245,0.988874051,0,0.5383344,0.0900308,0,0.937198348,0.186539408
513,0.174652391,0.969557186,0,0.5308604,0.09479137,0,0.969032736,0.226584976
514,0.146882061,0.940587204,0,0.5190122,0.1022123,0,0.990077985,0.27205142
515,0.122856297,0.905958969,0,0.5106771,0.108233,0,1,0.322321856
516,0.101471049,0.871097662,0,0.5023765,0.1148138,0,0.995924914,0.381014164
517,0.083825878,0.834480345,0,0.4879796,0.124615,0,0.976825531,0.443189459
518,0.068615568,0.793440739,0,0.4807123,0.1318958,0,0.943994204,0.51219269
519,0.055344832,0.750855495,0,0.4725494,0.1395967,0,0.897537827,0.580952331
520,0.045377604,0.714860184,0,0.4587036,0.1507981,0,0.841560838,0.647161728
521,0.036223206,0.680209021,0,0.4538472,0.1590591,0,0.776019392,0.715293194
522,0.030698412,0.650413569,0,0.4434456,0.1677401,0,0.706165651,0.780843237
523,0.025678225,0.620777321,0,0.4291176,0.1802016,0,0.633284901,0.838011056
524,0.021170551,0.596643615,0,0.4212992,0.1894427,0,0.561833294,0.890265724
525,0.017805396,0.569841655,0,0.4140663,0.1985438,0,0.491540238,0.931190276
526,0.015738281,0.54700723,0,0.4081766,0.2112854,0,0.425619538,0.966095643
527,0.013806286,0.527545891,0,0.397224,0.2202464,0,0.365517639,0.987359711
528,0.012246996,0.508442967,0,0.3913687,0.2290675,0,0.310369161,0.998987175
529,0.010902367,0.490018,0,0.3817937,0.2405489,0,0.261784992,0.999998031
530,0.009269304,0.473268038,0,0.3725977,0.2483898,0,0.21950532,1
531,0.008295067,0.46355631,0,0.3678791,0.2555307,0,0.181757521,0.983227675
532,0.007330896,0.450444848,0,0.3556175,0.2643517,0,0.149665711,0.962196628
533,0.006389589,0.439274562,0,0.3476269,0.2699524,0,0.123370065,0.941308021
534,0.005896442,0.429594189,0,0.3382552,0.274713,0,0.100841343,0.909538275
535,0.005122708,0.422103097,0,0.331873,0.2801736,0,0.082135617,0.878258204
536,0.005449015,0.410486786,0,0.3235517,0.283114,0,0.067486293,0.846749049
537,0.005155777,0.401415664,0,0.3167321,0.2852142,0,0.055209875,0.812557845
538,0.004833306,0.394202587,0,0.3127299,0.2870344,0,0.045062844,0.778205167
539,0.00469762,0.386675736,0,0.3024075,0.2874545,0,0.036720045,0.743022143
540,0.004408618,0.380988938,0,0.2993456,0.2875945,0,0.030690892,0.710146364
541,0.005043051,0.369266113,0,0.2904732,0.2871745,0,0.025686693,0.681093457
542,0.005630418,0.362080442,0,0.2868396,0.2866144,0,0.021496622,0.650403686
543,0.005326552,0.358287219,0,0.275942,0.2860543,0,0.018387703,0.620525094
544,0.005440591,0.347589074,0,0.2709237,0.2857743,0,0.015188639,0.59485829
545,0.005321039,0.339329983,0,0.2654268,0.2857743,0,0.012585759,0.567581929
546,0.004563535,0.329511817,0,0.2582489,0.2863344,0,0.010700707,0.546573725
547,0.005767327,0.32225782,0,0.2499311,0.2882946,0,0.009235582,0.521916333
548,0.005713551,0.312011014,0,0.2481091,0.2908149,0,0.008081655,0.502708765
549,0.006130258,0.301515042,0,0.2377213,0.2941753,0,0.007263075,0.483992774
550,0.005890568,0.290791161,0,0.2349349,0.3013162,0,0.006311796,0.465629205
551,0.005032795,0.279572135,0,0.2300992,0.308177,0,0.004775207,0.452176621
552,0.004875394,0.267407384,0,0.2251567,0.316718,0,0.004610216,0.436949592
553,0.004310317,0.256421278,0,0.2202797,0.3311397,0,0.00323851,0.423846739
554,0.004392353,0.245052084,0,0.2131294,0.3431812,0,0.002903368,0.415207993
555,0.004243023,0.234442461,0,0.2082111,0.3569028,0,0.001941104,0.400877016
556,0.004370224,0.224292453,0,0.2033478,0.3783254,0,0.001577081,0.392874716
557,0.003974865,0.215584604,0,0.1996246,0.3958275,0,0.001274671,0.385713198
558,0.004609282,0.206783526,0,0.192123,0.4150098,0,0.001115794,0.376438992
559,0.00362951,0.195699712,0,0.1895089,0.4445533,0,0.001405436,0.371791289
560,0.005374943,0.186458911,0,0.1836261,0.4680762,0.0273104,0.001968607,0.363237416
561,0.004335452,0.180635534,0,0.1800475,0.4932792,0.03160743,0.001772283,0.355310996
562,0.003577347,0.17060692,0,0.1758111,0.5303836,0.0370854,0.001189217,0.347711266
563,0.003810221,0.161728178,0,0.1708342,0.5593671,0.04377981,0.001728733,0.342000194
564,0.003560436,0.15475045,0,0.1682717,0.5897508,0.05268612,0.001287285,0.334803691
565,0.00441336,0.148524398,0,0.1631708,0.633576,0.06029115,0.002158753,0.327094932
566,0.004972127,0.140647256,0,0.1584349,0.66648,0.06975537,0.002003254,0.318134551
567,0.004090457,0.134672724,0,0.1575325,0.700084,0.08098754,0.001210185,0.310925576
568,0.003718918,0.12834494,0,0.1514569,0.7467096,0.09209393,0.00060135,0.301833324
569,0.003419146,0.122386503,0,0.1487222,0.7805936,0.1070618,0.000854287,0.293802405
570,0.004225996,0.117315181,0,0.1439106,0.8136376,0.1241325,0.00128626,0.288009744
571,0.004117879,0.114275227,0,0.1393125,0.8574629,0.1436415,0.001246882,0.277397533
572,0.004653042,0.108028221,0,0.1340222,0.8875665,0.1639463,0.00086646,0.270760675
573,0.004044585,0.104114513,0,0.1318179,0.9154298,0.1875037,0.001046752,0.260215089
574,0.004136025,0.096890656,0,0.1292933,0.9490339,0.2120868,0.000696495,0.250364236
575,0.004549307,0.095890345,0,0.1244059,0.9687762,0.2402545,0.001430393,0.242660467
576,0.004749902,0.091988482,0,0.124027,0.9837581,0.270351,0.001744235,0.236181211
577,0.005268976,0.088259334,0,0.1199972,0.9966396,0.3018237,0.001651739,0.223054464
578,0.004275955,0.084274794,0,0.116863,1,0.337229,0.001272069,0.215298642
579,0.00464534,0.081309241,0,0.1127988,0.9983198,0.3791861,0.001772519,0.208634216
580,0.00379361,0.078659891,0,0.1096404,0.9871185,0.42182,0.001807195,0.199455057
581,0.004246693,0.075886618,0,0.1082042,0.9726968,0.4647874,0.001547859,0.191103815
582,0.004139389,0.073679163,0,0.1032031,0.9532344,0.5068338,0.001487645,0.184410441
583,0.00375071,0.071234711,0,0.09911139,0.9186502,0.5533508,0.000993282,0.175553969
584,0.004520392,0.068665987,0,0.09592892,0.8875665,0.5981365,0.001003605,0.167348644
585,0.004382716,0.065266305,0,0.09619757,0.8520023,0.6397123,0.00140926,0.160918487
586,0.004141836,0.064479479,0,0.09161673,0.7976757,0.6862639,0.001140346,0.154255242
587,0.004052332,0.063283654,0,0.09024247,0.7549706,0.7291089,0.001574873,0.147513033
588,0.00484356,0.059425345,0,0.08657781,0.7101653,0.7698895,0.002276862,0.141776231
589,0.004179352,0.059111116,0,0.08353654,0.6481378,0.8065532,0.001458427,0.135241247
590,0.004332495,0.055788568,0,0.08215196,0.6043125,0.8463905,0.001611156,0.130321859
591,0.004155802,0.054425197,0,0.08076737,0.5613274,0.8788129,0.001705342,0.124057377
592,0.003788515,0.052950612,0,0.07753668,0.5044806,0.9113882,0.00169836,0.119218989
593,0.004034953,0.050110515,0,0.07569057,0.4648558,0.9316145,0.001823055,0.114001728
594,0.004739497,0.049182176,0,0.07061376,0.4270512,0.9556228,0.00193116,0.109459376
595,0.004360486,0.047215749,0,0.07253564,0.3777654,0.9728701,0.001938736,0.106189784
596,0.003210921,0.046091971,0,0.06881587,0.3441613,0.9877072,0.00107477,0.100772648
597,0.003388741,0.044119061,0,0.06742095,0.3125175,0.9928863,0.000646243,0.097169998
598,0.003438499,0.04166811,0,0.06509609,0.2721927,1,0.000962825,0.093504072
599,0.003668278,0.040737213,0,0.06323621,0.2453094,0.9986795,0.001087262,0.089246007
600,0.003576481,0.038849051,0,0,0.2205265,0.9933184,0.001716347,0.087135419
601,0.002707094,0.036997808,0,0,0.1898628,0.9859708,0.000947656,0.083592305
602,0.003101354,0.036124928,0,0,0.1697004,0.97957,0.001227922,0.080986989
603,0.002981011,0.0355605,0,0,0.1512181,0.9634148,0.000672393,0.079411498
604,0.003289184,0.033609712,0,0,0.1286754,0.9472868,0.001773663,0.074251868
605,0.003109806,0.03243727,0,0,0.1139737,0.9278024,0.000523582,0.07187859
606,0.004028276,0.03247529,0,0,0.1008121,0.9030507,0.001418644,0.071506345
607,0.003945359,0.029620594,0,0,0.08485019,0.881119,0.001596445,0.067386387
608,0.00434157,0.028597895,0,0,0.07476897,0.8560522,0.001934711,0.065175554
609,0.003790604,0.027931272,0,0,0.06552786,0.8356976,0.002060358,0.064520854
610,0.004722766,0.027120911,0,0,0.05446653,0.8069112,0.002753975,0.062233919
611,0.003355486,0.025577225,0,0,0.0474657,0.7775636,0.002031667,0.059566113
612,0.004209224,0.025200605,0,0,0.04130496,0.7508653,0.002361905,0.057245071
613,0.003777612,0.024165789,0,0,0.03458415,0.7247457,0.002275994,0.056227763
614,0.004473223,0.022195756,0,0,0.03010361,0.6928863,0.002864011,0.053786698
615,0.004132253,0.022021013,0,0,0.02618314,0.6696169,0.002328028,0.05303829
616,0.003760085,0.022316581,0,0,0.0217026,0.6413509,0.002182673,0.051812175
617,0.003794069,0.020834306,0,0,0.01876225,0.6151736,0.002214371,0.050591219
618,0.004068336,0.019862564,0,0,0.01624195,0.5882475,0.002220016,0.047774365
619,0.004993455,0.018981021,0,0,0.01344161,0.5658764,0.002487514,0.046380494
620,0.004079397,0.017867037,0,0,0.01176141,0.5412579,0.002161911,0.045011723
621,0.004387814,0.01784745,0,0,0.01008121,0.5173606,0.002464017,0.043700742
622,0.002699613,0.01695461,0,0,0.008260992,0.4961269,0.001130178,0.042633955
623,0.004083984,0.017255501,0,0,0.007140857,0.4733025,0.002337504,0.040857356
624,0.002849334,0.015542355,0,0,0.006160739,0.4542019,0.001152288,0.039880456
625,0.00320089,0.015348936,0,0,0.005278238,0.4323182,0.001714769,0.03983527
626,0.002612755,0.015220048,0,0,0,0.4135091,0.001676272,0.037017917
627,0.003471146,0.014651581,0,0,0,0.3969736,0.001676667,0.035366015
628,0.003681524,0.014850162,0,0,0,0.3807311,0.001927806,0.035520879
629,0.003841659,0.014204333,0,0,0,0.3680841,0.001817374,0.033930508
630,0.004148258,0.013405573,0,0,0,0.3553859,0.002083801,0.032407182
631,0.003728751,0.013565504,0,0,0,0.3438933,0.002351402,0.031847476
632,0.004506573,0.012512119,0,0,0,0.3343645,0.003028606,0.030337652
633,0.003208986,0.012543724,0,0,0,0.3216505,0.002192541,0.02956889
634,0.003284448,0.012013421,0,0,0,0.3105905,0.002125598,0.028013249
635,0.003004935,0.01176124,0,0,0,0.3022445,0.001588834,0.027632071
636,0.003391542,0.011888154,0,0,0,0.2961213,0.002279073,0.027341903
637,0.002673967,0.011341886,0,0,0,0.2902892,0.001001714,0.026331494
638,0.002250557,0.011079471,0,0,0,0.2838912,0.000671881,0.025455095
639,0.002186884,0.010932287,0,0,0,0.2768619,0.00081454,0.023695806
640,0.003085827,0.010820769,0,0,0,0.2693225,0.001470335,0.023398838
641,0.002163999,0.010416303,0,0,0,0.2651576,0.001361201,0.021595846
642,0.002759814,0.010164653,0,0,0,0.2597566,0.001825658,0.021661026
643,0.001911951,0.01017447,0,0,0,0.2538061,0.001365774,0.021275654
644,0.002318814,0.009564497,0,0,0,0.2516992,0.001924689,0.020910558
645,0.002316372,0.009922168,0,0,0,0.2492841,0.00167572,0.02029135
646,0.002042059,0.009570829,0,0,0,0.2446768,0.00141202,0.019282772
647,0.003009517,0.008736683,0,0,0,0.241981,0.001808773,0.018528496
648,0.003024331,0.009687737,0,0,0,0.2378591,0.001773584,0.017903709
649,0.003396686,0.00879262,0,0,0,0.2366989,0.001861481,0.017249744
650,0.00432913,0.008995673,0,0,0,0.2327111,0.00246615,0.016243687
651,0.003312914,0.008418453,0,0,0,0.2270329,0.001848383,0.016554276
652,0.003816437,0.008058581,0,0,0,0.2239316,0.002889775,0.016631337
653,0.003109398,0.007859141,0,0,0,0.2207356,0.001959373,0.015844964
654,0.003808998,0.007912148,0,0,0,0.21835,0.002463977,0.015027385
655,0.003159191,0.007972473,0,0,0,0.2151801,0.002139294,0.014598132
656,0.003484032,0.00760151,0,0,0,0.2103982,0.002608368,0.014561223
657,0.003321367,0.007579205,0,0,0,0.2066744,0.002322777,0.013829771
658,0.003313117,0.007886191,0,0,0,0.2004816,0.002818572,0.013391473
659,0.004040253,0.008023749,0,0,0,0.1966976,0.002484078,0.013330047
660,0.00290303,0.007117074,0,0,0,0.1934252,0.001552828,0.013105486
661,0.00285249,0.007754046,0,0,0,0.1897171,0.00175749,0.012318496
662,0.00317141,0.007549382,0,0,0,0.1860619,0.002526809,0.011781121
663,0.003298757,0.007262029,0,0,0,0.1802613,0.002079696,0.012063366
664,0.003303595,0.007061657,0,0,0,0.1751829,0.002393413,0.011418289
665,0.003206847,0.007294723,0,0,0,0.1694785,0.002252031,0.01134323
666,0.002731621,0.007012306,0,0,0,0.165218,0.002550347,0.011192481
667,0.001949166,0.007047301,0,0,0,0.161023,0.002301063,0.011372197
668,0.002466433,0.006862012,0,0,0,0.1549714,0.001954086,0.010658684
669,0.002601459,0.006981376,0,0,0,0.1532493,0.001437056,0.010809328
670,0.003386908,0.006391625,0,0,0,0.1474709,0.003029476,0.010617488
671,0.00284282,0.006823826,0,0,0,0.1406769,0.001770192,0.010107794
672,0.003641889,0.006546463,0,0,0,0.1377729,0.002839829,0.009533057
673,0.004082862,0.006364044,0,0,0,0.1323191,0.002597071,0.009382564
674,0.00356665,0.006547471,0,0,0,0.1272032,0.00346074,0.009694656
675,0.003035275,0.006460241,0,0,0,0.1229037,0.003225858,0.009574456
676,0.002085941,0.006661255,0,0,0,0.1174282,0.001532362,0.009504228
677,0.001016735,0.00673965,0,0,0,0.1129294,0.000686137,0.008875036
678,0.000375653,0.006526727,0,0,0,0.1074396,0.000494682,0.008760488
679,0.002174729,0.006546997,0,0,0,0.1043447,0.001242822,0.00927884
680,0.000904963,0.006428023,0,0,0,0.09774652,0.000315249,0.009204417
681,0.001480486,0.006515631,0,0,0,0.09528698,0.001429565,0.0095989
682,0.000419043,0.006355462,0,0,0,0.09037038,0.0001,0.008303456
683,0.000689026,0.007115819,0,0,0,0.08738943,0.000665698,0.008096953
684,0.000999366,0.006859975,0,0,0,0.08470891,0.000950257,0.00850138
685,0.001268975,0.006615041,0,0,0,0.08155729,0.00083723,0.008443571
686,0.001587302,0.006817448,0,0,0,0.0773012,0.001187995,0.008585104
687,0.001428657,0.00614511,0,0,0,0.07507844,0.000529764,0.008227911
688,0.001825935,0.006938108,0,0,0,0.07349647,0.001181453,0.007605611
689,0.00054476,0.006104718,0,0,0,0.07082137,0.000622851,0.008119185
690,0.00171182,0.00652791,0,0,0,0.0671661,0.001218975,0.007664208
691,0.000353831,0.006038412,0,0,0,0.06640398,0.000350872,0.007428508
692,0.001249569,0.006795298,0,0,0,0.06475047,0.00034788,0.008150239
693,0.001235599,0.006742365,0,0,0,0.06286068,0.000259043,0.007878293
694,0.000239761,0.006340739,0,0,0,0.06070601,0.0001,0.007528333
695,0.00106798,0.006286055,0,0,0,0.05834464,0.000395275,0.007233912
696,0.002063161,0.006442177,0,0,0,0.05694567,0.00138182,0.006874448
697,0.002215872,0.00666863,0,0,0,0.05525813,0.001590805,0.007393837
698,0.002266121,0.006795214,0,0,0,0.0541581,0.002218081,0.007041738
699,0.002151997,0.00641724,0,0,0,0.05376347,0.001536187,0.007089944
700,0.001711719,0.006374503,0,0,0,0.05042341,0.002179634,0.007008124
701,,,0,0,0,0,,
702,,,0,0,0,0,,
703,,,0,0,0,0,,
704,,,0,0,0,0,,
705,,,0,0,0,0,,
706,,,0,0,0,0,,
707,,,0,0,0,0,,
708,,,0,0,0,0,,
709,,,0,0,0,0,,
710,,,0,0,0,0,,
711,,,0,0,0,0,,
712,,,0,0,0,0,,
713,,,0,0,0,0,,
714,,,0,0,0,0,,
715,,,0,0,0,0,,
716,,,0,0,0,0,,
717,,,0,0,0,0,,
718,,,0,0,0,0,,
719,,,0,0,0,0,,
720,,,0,0,0,0,,
721,,,0,0,0,0,,
722,,,0,0,0,0,,
723,,,0,0,0,0,,
724,,,0,0,0,0,,
725,,,0,0,0,0,,
726,,,0,0,0,0,,
727,,,0,0,0,0,,
728,,,0,0,0,0,,
729,,,0,0,0,0,,
730,,,0,0,0,0,,
731,,,0,0,0,0,,
732,,,0,0,0,0,,
733,,,0,0,0,0,,
734,,,0,0,0,0,,
735,,,0,0,0,0,,
736,,,0,0,0,0,,
737,,,0,0,0,0,,
738,,,0,0,0,0,,
739,,,0,0,0,0,,
740,,,0,0,0,0,,
741,,,0,0,0,0,,
742,,,0,0,0,0,,
743,,,0,0,0,0,,
744,,,0,0,0,0,,
745,,,0,0,0,0,,
746,,,0,0,0,0,,
747,,,0,0,0,0,,
748,,,0,0,0,0,,
749,,,0,0,0,0,,
750,,,0,0,0,0,,
751,,,0,0,0,0,,
752,,,0,0,0,0,,
753,,,0,0,0,0,,
754,,,0,0,0,0,,
755,,,0,0,0,0,,
756,,,0,0,0,0,,
757,,,0,0,0,0,,
758,,,0,0,0,0,,
759,,,0,0,0,0,,
760,,,0,0,0,0,,
761,,,0,0,0,0,,
762,,,0,0,0,0,,
763,,,0,0,0,0,,
764,,,0,0,0,0,,
765,,,0,0,0,0,,
766,,,0,0,0,0,,
767,,,0,0,0,0,,
768,,,0,0,0,0,,
769,,,0,0,0,0,,
770,,,0,0,0,0,,
771,,,0,0,0,0,,
772,,,0,0,0,0,,
773,,,0,0,0,0,,
774,,,0,0,0,0,,
775,,,0,0,0,0,,
776,,,0,0,0,0,,
777,,,0,0,0,0,,
778,,,0,0,0,0,,
779,,,0,0,0,0,,
780,,,0,0,0,0,,
781,,,0,0,0,0,,
782,,,0,0,0,0,,
783,,,0,0,0,0,,
784,,,0,0,0,0,,
785,,,0,0,0,0,,
786,,,0,0,0,0,,
787,,,0,0,0,0,,
788,,,0,0,0,0,,
789,,,0,0,0,0,,
790,,,0,0,0,0,,
791,,,0,0,0,0,,
792,,,0,0,0,0,,
793,,,0,0,0,0,,
794,,,0,0,0,0,,
795,,,0,0,0,0,,
796,,,0,0,0,0,,
797,,,0,0,0,0,,
798,,,0,0,0,0,,
799,,,0,0,0,0,,
800,,,0,0,0,0,,
801,,,0,0,0,0,,
802,,,0,0,0,0,,
803,,,0,0,0,0,,
804,,,0,0,0,0,,
805,,,0,0,0,0,,
806,,,0,0,0,0,,
807,,,0,0,0,0,,
808,,,0,0,0,0,,
809,,,0,0,0,0,,
810,,,0,0,0,0,,
811,,,0,0,0,0,,
812,,,0,0,0,0,,
813,,,0,0,0,0,,
814,,,0,0,0,0,,
815,,,0,0,0,0,,
816,,,0,0,0,0,,
817,,,0,0,0,0,,
818,,,0,0,0,0,,
819,,,0,0,0,0,,
820,,,0,0,0,0,,
821,,,0,0,0,0,,
822,,,0,0,0,0,,
823,,,0,0,0,0,,
824,,,0,0,0,0,,
825,,,0,0,0,0,,
826,,,0,0,0,0,,
827,,,0,0,0,0,,
828,,,0,0,0,0,,
829,,,0,0,0,0,,
830,,,0,0,0,0,,
831,,,0,0,0,0,,
832,,,0,0,0,0,,
833,,,0,0,0,0,,
834,,,,0,0,0,,
835,,,,0,0,0,,
836,,,,0,0,0,,
837,,,,0,0,0,,
838,,,,0,0,0,,
839,,,,0,0,0,,
840,,,,0,0,0,,
841,,,,0,0,0,,
842,,,,0,0,0,,
843,,,,0,0,0,,
844,,,,0,0,0,,
845,,,,0,0,0,,
846,,,,0,0,0,,
847,,,,0,0,0,,
848,,,,0,0,0,,
849,,,,0,0,0,,
850,,,,0,0,0,,
851,,,,0,,,,
852,,,,0,,,,
853,,,,0,,,,
854,,,,0,,,,
855,,,,0,,,,
856,,,,0,,,,
857,,,,0,,,,
858,,,,0,,,,
859,,,,0,,,,
860,,,,0,,,,
861,,,,0,,,,
862,,,,0,,,,
863,,,,0,,,,
864,,,,0,,,,
865,,,,0,,,,
866,,,,0,,,,
867,,,,0,,,,
868,,,,0,,,,
869,,,,0,,,,
870,,,,0,,,,
871,,,,0,,,,
872,,,,0,,,,
873,,,,0,,,,
874,,,,0,,,,
875,,,,0,,,,
876,,,,0,,,,
877,,,,0,,,,
878,,,,0,,,,
879,,,,0,,,,
880,,,,0,,,,
881,,,,0,,,,
882,,,,0,,,,
883,,,,0,,,,
884,,,,0,,,,
885,,,,0,,,,
886,,,,0,,,,
887,,,,0,,,,
888,,,,0,,,,
889,,,,0,,,,
890,,,,0,,,,
891,,,,0,,,,
892,,,,0,,,,
893,,,,0,,,,
894,,,,0,,,,
895,,,,0,,,,
896,,,,0,,,,
897,,,,0,,,,
898,,,,0,,,,
899,,,,0,,,,
900,,,,,,,,
