Name,mCitrine/Ypet,mCitrine/Ypet,mPlum,mPlum,mTFP1,mTFP1,mTagBFP,mTagBFP,tdTomato,tdTomato
Spectrum Type,Ab,Em,Ab,Em,Ab,Em,Ab,Em,Ab,Em
Quantum Yield,,,,,,,,,,
Extinction Coefficient,,,,,,,,,,
200,,,,,,,,,,
201,,,,,,,,,,
202,,,,,,,,,,
203,,,,,,,,,,
204,,,,,,,,,,
205,,,,,,,,,,
206,,,,,,,,,,
207,,,,,,,,,,
208,,,,,,,,,,
209,,,,,,,,,,
210,,,,,,,,,,
211,,,,,,,,,,
212,,,,,,,,,,
213,,,,,,,,,,
214,,,,,,,,,,
215,,,,,,,,,,
216,,,,,,,,,,
217,,,,,,,,,,
218,,,,,,,,,,
219,,,,,,,,,,
220,,,,,,,,,,
221,,,,,,,,,,
222,,,,,,,,,,
223,,,,,,,,,,
224,,,,,,,,,,
225,,,,,,,,,,
226,,,,,,,,,,
227,,,,,,,,,,
228,,,,,,,,,,
229,,,,,,,,,,
230,,,,,,,,,,
231,,,,,,,,,,
232,,,,,,,,,,
233,,,,,,,,,,
234,,,,,,,,,,
235,,,,,,,,,,
236,,,,,,,,,,
237,,,,,,,,,,
238,,,,,,,,,,
239,,,,,,,,,,
240,,,,,,,,,,
241,,,,,,,,,,
242,,,,,,,,,,
243,,,,,,,,,,
244,,,,,,,,,,
245,,,,,,,,,,
246,,,,,,,,,,
247,,,,,,,,,,
248,,,,,,,,,,
249,,,,,,,,,,
250,,,,,0.450585014,,,,,
251,,,,,0.469772697,,,,,
252,,,,,0.496026503,,,,,
253,,,,,0.520461117,,,,,
254,,,,,0.544665939,,,,,
255,,,,,0.570239942,,,,,
256,,,,,0.594444764,,,,,
257,,,,,0.618879378,,,,,
258,,,,,0.649020509,,,,,
259,,,,,0.679851018,,,,,
260,,,,,0.715248655,,,,,
261,,,,,0.746529174,,,,,
262,,,,,0.779188449,,,,,
263,,,,,0.809099787,,,,,
264,,,,,0.844037839,,,,,
265,,,,,0.869152257,,,,,
266,,,,,0.891758105,,,,,
267,,,,,0.916882097,,,,,
268,,,,,0.940167749,,,,,
269,,,,,0.965741751,,,,,
270,,,,,0.984469849,,,,,
271,,,,,0.997261638,,,,,
272,,,,,1,,,,,
273,,,,,0.994293483,,,,,
274,,,,,0.978993125,,,,,
275,,,,,0.959355432,,,,,
276,,,,,0.94153693,,,,,
277,,,,,0.920759848,,,,,
278,,,,,0.898153999,,,,,
279,,,,,0.861616974,,,,,
280,,,,,0.804762452,,,,,
281,,,,,0.723463741,,,,,
282,,,,,0.64400337,,,,,
283,,,,,0.566821777,,,,,
284,,,,,0.499913828,,,,,
285,,,,,0.438032592,,,,,
286,,,,,0.384826028,,,,,
287,,,,,0.334128033,,,,,
288,,,,,0.28708757,,,,,
289,,,,,0.239597097,,,,,
290,,,,,0.202830279,,,,,
291,,,,,0.173368951,,,,,
292,,,,,0.147794948,,,,,
293,,,,,0.124279504,,,,,
294,,,,,0.10715038,,,,,
295,,,,,0.092309607,,,,,
296,,,,,0.080436989,,,,,
297,,,,,0.070613355,,,,,
298,,,,,0.06421746,,,,,
299,,,,,0.059200322,,,,,
300,0.058568233,,,,0.055772582,,,,0.139699096,
301,0.052431128,,,,0.053264013,,,,0.124471545,
302,0.050330738,,,,0.05211505,,,,0.110744653,
303,0.045815537,,,,0.051205454,,,,0.100051614,
304,0.043594156,,,,0.050525651,,,,0.090774615,
305,0.038509568,,,,0.050066065,,,,0.085211692,
306,0.036350926,,,,0.04960648,,,,0.080957252,
307,0.034020968,,,,0.048696884,,,,0.078411329,
308,0.032923409,,,,0.047327703,,,,0.078201481,
309,0.0295164,,,,0.04572873,,,,0.078502619,
310,0.029511955,,,,0.044129756,,0.021289968,,0.079577494,
311,0.028630676,,,,0.042530783,,0.020018681,,0.081993738,
312,0.027218066,,,,0.040472224,,0.019748596,,0.084032419,
313,0.026904009,,,,0.039332835,,0.019706809,,0.087812974,
314,0.027014539,,,,0.037733862,,0.018765346,,0.091516049,
315,0.025702238,,,,0.037274277,,0.017937484,,0.095918308,
316,0.026484103,,,,0.036824266,,0.017440557,,0.099788864,
317,0.025413636,,,,0.036594473,,0.018235252,,0.104474822,
318,0.025123443,,,,0.036364681,,0.017617615,,0.109284255,
319,0.024978536,,,,0.035675303,,0.017145955,,0.113936975,
320,0.024400419,,,,0.034306122,,0.016876857,,0.117720104,
321,0.02464263,,,,0.032477356,,0.017715336,,0.1214666,
322,0.023840546,,,,0.030198579,,0.018327254,,0.125062703,
323,0.023643726,,,,0.027460217,,0.018001524,,0.128729496,
324,0.023376932,,,,0.025401658,,0.017596083,,0.132579805,
325,0.023123611,,,,0.024032477,,0.01795896,,0.136230096,
326,0.022831166,,,,0.022663296,,0.018460268,,0.140998332,
327,0.023202621,,,,0.021973919,,0.01959329,,0.14600275,
328,0.023940246,,,,0.021753701,,0.020809563,,0.152820084,
329,0.022213989,,,,0.02083453,,0.022275486,,0.16039313,
330,0.022430205,,,,0.020374945,,0.023421589,,0.166864031,
331,0.022115406,,,,0.020604738,,0.025608316,,0.174418937,
332,0.022371596,,,,0.020154727,,0.027278643,,0.181587851,
333,0.022834627,,,,0.019465349,,0.028443693,,0.186555871,
334,0.023875341,,,,0.019235557,,0.03023413,,0.191024958,
335,0.021947,,,,0.018775971,,0.033083957,,0.192468619,
336,0.024255303,,,,0.018775971,,0.036173831,,0.191591304,
337,0.024362125,,,,0.018775971,,0.038811609,,0.187647014,
338,0.023885988,,,,0.018555753,,0.042214959,,0.181284724,
339,0.023216557,,,,0.018555753,,0.045316437,,0.17319636,
340,0.024921827,,,,0.018555753,,0.049454958,,0.163928841,
341,0.024453247,,,,0.018555753,,0.054693087,,0.154341809,
342,0.024745514,,,,0.019235557,,0.059147293,,0.143830295,
343,0.024276854,,,,0.019465349,,0.064477144,,0.134815812,
344,0.024629766,,,,0.019695142,,0.068480793,,0.12651245,
345,0.025219205,,,,0.020154727,,0.07331829,,0.118382421,
346,0.025383911,,,,0.020604738,,0.077217232,,0.110478626,
347,0.024878888,,,,0.021064323,,0.084835972,,0.104002692,
348,0.02299662,,,,0.021753701,,0.09402422,,0.098393071,
349,0.023118273,,,,0.022433504,,0.102939412,,0.092766714,
350,0.021975268,,,,0.022663296,,0.109160487,,0.088694736,
351,0.018894179,,,,0.0233431,,0.120582741,,0.084517073,
352,0.021771358,,,,0.024032477,,0.128835421,,0.080853674,
353,0.023400859,,,,0.024032477,,0.139602494,,0.078281183,
354,0.023472403,,,,0.024721855,,0.148869181,,0.074944085,
355,0.02018923,,,,0.025861244,,0.161861903,,0.072693566,
356,0.018797872,,,,0.027000632,,0.173768924,,0.070108084,
357,0.020632627,,,,0.02769001,,0.17953023,,0.067730813,
358,0.020862985,,,,0.029288983,,0.186006315,,0.065070779,
359,0.018977988,,,,0.029968787,,0.207629297,,0.06319595,
360,0.021601046,,,,0.031337967,,0.227976432,,0.060790473,
361,0.019921923,,,,0.032477356,,0.231703237,,0.057506393,
362,0.019455501,,,,0.033856112,,0.228923436,,0.055200398,
363,0.019453232,,,,0.0349955,,0.241847384,,0.052328993,
364,0.019357896,,,,0.036594473,,0.266668835,,0.04946227,
365,0.019402179,,,,0.038193447,,0.291106402,,0.046723937,
366,0.017405362,,,,0.040012639,,0.308856857,,0.044223425,
367,0.016404193,,,,0.04230099,,0.326704615,,0.041461919,
368,0.017028151,,,,0.044129756,,0.340735864,,0.038769582,
369,0.016273771,,,,0.045958522,,0.370177781,,0.036871697,
370,0.015177569,,,,0.048007507,,0.396950004,,0.035210697,
371,0.015904258,,,,0.050525651,,0.414876029,,0.033381865,
372,0.015032415,,,,0.052804427,,0.432331986,,0.031865524,
373,0.014048701,,,,0.055772582,,0.458595434,,0.030311964,
374,0.014300292,,,,0.058510944,,0.487082577,,0.029159376,
375,0.014408369,,,,0.061029088,,0.521745441,,0.027861076,
376,0.014113489,,,,0.06421746,,0.543203226,,0.026570852,
377,0.0151574,,,,0.067415408,,0.547226851,,0.025657957,
378,0.014292573,,,,0.070383562,,0.54778286,,0.024747403,
379,0.014987942,,,,0.074270887,,0.583196974,,0.023306434,
380,0.013622837,,,,0.077698627,,0.617184975,,0.022214121,
381,0.014211769,,,,0.081346585,,0.645295954,,0.020908681,
382,0.014127959,,,,0.085454128,,0.672686327,,0.019443368,
383,0.014377971,,,,0.089801038,,0.689418938,,0.018271937,
384,0.013793792,,,,0.094138373,,0.700746578,,0.016980425,
385,0.014029412,,,,0.099155512,,0.72259548,,0.015951312,
386,0.014380223,,,,0.103952433,,0.75099353,,0.014708956,
387,0.0154488,,,,0.108519561,,0.758128254,,0.013565146,
388,0.015134937,,,,0.11400586,,0.778479885,,0.012746116,
389,0.014659454,,,,0.119712376,,0.80531547,,0.011999649,
390,0.015047669,,,,0.1251891,,0.85051983,,0.011270387,
391,0.014449387,,,,0.131355202,,0.860330845,,0.010800948,
392,0.014665408,,,,0.137521304,,0.857124886,,0.010408286,
393,0.014874215,,,,0.143917198,,0.882977816,,0.010382538,
394,0.014680453,,,,0.151452481,,0.903969417,,0.010022413,
395,0.015176844,,,,0.158528178,,0.905266266,,0.009951839,
396,0.015001464,,,,0.166752839,,0.932363557,,0.010092987,
397,0.015793477,,,,0.174517914,,0.965398909,,0.010019253,
398,0.01603239,,,,0.182962793,,0.97874293,,0.010171051,
399,0.016389028,,,,0.192556634,,0.982661335,,0.010339585,
400,0.016453563,,,,0.201001513,,0.982936089,,0.010556222,
401,0.016657651,,,,0.210365562,,0.994061157,,0.011062293,
402,0.016820477,,,,0.221328584,,1,,0.011393159,
403,0.016981929,,,,0.231142644,,0.996933031,,0.011664804,
404,0.016583456,,,,0.241875874,,0.976007113,,0.012237938,
405,0.018055377,,,,0.253528274,,0.943397235,,0.012695673,
406,0.017875835,,,,0.264711515,,0.933554258,,0.013460046,
407,0.017967561,,,,0.277043718,,0.920390376,,0.01389531,
408,0.019071245,,,,0.288686544,,0.91140685,0.003959151,0.014681101,
409,0.01885406,,,,0.300559162,,0.884243778,0.004498126,0.015428505,
410,0.018134187,,,,0.313580743,,0.854577909,0.005252225,0.016186441,
411,0.018404775,,,,0.324993776,,0.819242624,0.0061069,0.01698183,
412,0.018390414,,,,0.331159878,,0.803495502,0.00716233,0.017650701,
413,0.019125876,,,,0.355134907,,0.770077488,0.008330037,0.018738099,
414,0.01844159,,,,0.368386281,,0.74537191,0.009815544,0.019568365,
415,0.018687455,,,,0.382767469,,0.714685949,0.011803735,0.020765544,
416,0.01879257,,,,0.396698646,,0.685282421,0.013888424,0.021646253,
417,0.01934639,,,,0.410629823,,0.661480768,0.016135174,0.022901835,
418,0.019989317,,,,0.425930181,,0.623835629,0.019389158,0.024073266,
419,0.019874523,,,,0.440770954,,0.593117217,0.022692219,0.025259092,
420,0.020902984,,,,0.456530898,,0.561464679,0.02758483,0.026527431,
421,0.020376097,,,,0.473200437,,0.517261693,0.032764538,0.027662229,
422,0.020643141,,,,0.489180598,,0.496020408,0.037819355,0.029000673,
423,0.021303952,,,,0.508128914,,0.466447296,0.045243522,0.03052509,
424,0.020843536,,,,0.525258038,,0.432003082,0.053467091,0.032118793,
425,0.021941549,,,,0.542616955,,0.397240789,0.0636839,0.033455599,
426,0.021656132,,,,0.563164244,,0.368590905,0.073714555,0.034953565,
427,0.022189088,,,,0.581892342,,0.346773623,0.08667267,0.036838576,
428,0.02264747,,,,0.602439632,,0.322668674,0.09908236,0.038724756,
429,0.023334706,,,,0.622307118,,0.299788636,0.118482405,0.040327589,
430,0.02394518,,,,0.641715019,,0.272923729,0.134078242,0.042237762,
431,0.024381599,,,,0.662951686,,0.249847497,0.156665396,0.044035111,
432,0.024398049,,,,0.682819172,,0.23177911,0.176191211,0.046204524,
433,0.025339061,,,,0.703596254,,0.208864324,0.203292084,0.0485571,
434,0.025502855,,,,0.721644549,,0.192063158,0.231854859,0.050502736,
435,0.026932612,,,,0.739903487,,0.172743445,0.264597594,0.052939228,
436,0.027345546,,,,0.758401792,,0.153962795,0.300024864,0.055525529,
437,0.027981168,,,,0.774161736,,0.141623311,0.335225645,0.057852591,
438,0.029232622,,,,0.790601482,,0.126681882,0.37609798,0.060955379,
439,0.030585678,,,,0.803843281,,0.114281859,0.414589558,0.063067677,
440,0.032156477,,,,0.8157159,,0.099605276,0.46645172,0.066335723,
441,0.03352159,,,,0.827598093,,0.086454559,0.511852344,0.069261082,
442,0.035260031,,,,0.836732349,,0.07645542,0.551358392,0.072198613,
443,0.036934454,,,,0.84540702,,0.06749774,0.599492192,0.075237265,
444,0.038892125,,,,0.85271251,,0.060068872,0.639766013,0.078359364,
445,0.04046385,,,,0.858648819,,0.051758279,0.691519827,0.081694239,
446,0.043418667,,,,0.864355336,0.00608,0.044457933,0.739708167,0.085517395,
447,0.045593884,,,,0.869611842,0.00533,0.038130398,0.778011806,0.088999971,
448,0.048145297,,,,0.875088566,0.00482,0.032759883,0.826159768,0.092324897,
449,0.051222741,,,,0.879885487,0.00477,0.028610848,0.858362725,0.096121251,
450,0.054194535,,0.011890239,,0.886051588,0.00471,0.024863739,0.896315106,0.09836229,
451,0.057302225,,0.012663121,,0.891758105,0.00495,,0.925885443,0.102288791,
452,0.060520384,,0.013158632,,0.897924207,0.00564,,0.950182016,0.105974778,
453,0.063605086,,0.013834151,,0.905689282,0.00615,,0.969898559,0.109392632,
454,0.066217693,,0.014674527,,0.912994772,0.00745,,0.983614459,0.11368628,
455,0.069803775,,0.015845992,,0.921219433,0.00886,,0.996763872,0.11713117,
456,0.07305013,,0.016506867,,0.929214301,0.01028,,0.999802246,0.120981128,
457,0.075763613,,0.017647087,,0.938118764,0.01296,,1,0.124808848,
458,0.079854382,,0.018868937,,0.945654047,0.01584,,0.99156983,0.128102759,
459,0.083685799,,0.019881636,,0.952499952,0.01957,,0.984998309,0.132272815,
460,0.088056575,,0.021012358,,0.958666054,0.02308,,0.973528732,0.136668403,
461,0.092925928,,0.022224276,,0.963003389,0.02882,,0.959518051,0.140689704,
462,0.097704596,,0.023134683,,0.964832156,0.03485,,0.944449466,0.145070896,
463,0.102971695,,0.024628829,,0.96392256,0.04346,,0.927547974,0.148675659,
464,0.108411423,,0.025356545,,0.959355432,0.05307,,0.911849451,0.153073353,
465,0.114514948,,0.027568983,,0.951360564,0.0644,,0.89361938,0.158720894,
466,0.120806344,,0.028666937,,0.937659179,0.0779,,0.8771109,0.164412792,
467,0.127713704,,0.02970008,,0.92098964,0.09448,,0.862364301,0.168533458,
468,0.136343922,,0.030890032,,0.89952318,0.11497,,0.845220717,0.172368786,
469,0.145290003,,0.03205867,,0.869841635,0.13864,,0.828744349,0.177789625,
470,0.15521409,,0.034133147,,0.838781333,0.16574,,0.813765645,0.184310969,
471,0.166065227,,0.03554124,,0.799965531,0.19694,,0.803420951,0.191031629,
472,0.178000212,,0.037265126,,0.759320963,0.23007,,0.791477005,0.197384089,
473,0.191004744,,0.038612177,,0.711820915,0.27059,,0.774643009,0.201573105,
474,0.205529417,,0.039791617,,0.666379426,0.31545,,0.764321302,0.206221143,
475,0.219750116,,0.041920612,,0.612713276,0.36209,,0.748522912,0.213861603,
476,0.23527064,,0.043152104,,0.564303633,0.40946,,0.736301576,0.220047634,
477,0.250659108,,0.045560426,,0.511097068,0.46407,,0.723546639,0.225328613,
478,0.265309247,,0.047310338,,0.462237414,0.51772,,0.710655246,0.230901718,
479,0.281030835,,0.049617311,,0.410859616,0.57388,,0.697454824,0.236103461,
480,0.29422513,,0.051346199,,0.366787308,0.62794,,0.681822205,0.240667583,
481,0.306651202,,0.053943446,,0.324084181,0.68841,,0.666555564,0.244593382,
482,0.318087152,,0.055966887,,0.281151261,0.73396,,0.655315165,0.248002692,
483,0.327042394,,0.058441398,,0.245763199,0.77641,,0.638331713,0.252367967,
484,0.335229888,0.001740173,0.060703568,,0.209676184,0.82474,,0.626859381,0.256561313,
485,0.3411463,0.001765665,0.064050353,,0.180454223,0.86265,,0.611174073,0.260128859,
486,0.346583764,0.001887733,0.065805412,,0.153051454,0.90033,,0.595914665,0.263727068,
487,0.351153718,0.002086439,0.069416953,,0.130215814,0.92776,,0.577462648,0.267681423,
488,0.354024188,0.002261459,0.072174997,,0.108979146,0.95055,,0.560277266,0.271546947,
489,0.358384699,0.002527149,0.075578547,,0.092769192,0.97565,,0.545163267,0.275057846,
490,0.361724106,0.002715901,0.078368706,,0.077009249,0.98624,,0.527543162,0.280474237,
491,0.366657733,0.003070493,0.083074214,,0.065366423,0.99465,,0.509708513,0.285450332,
492,0.372927988,0.003463713,0.08569727,,0.054633194,1,,0.492977958,0.288587881,
493,0.379038669,0.003880999,0.088990988,,0.04617874,0.9953,,0.475298491,0.293280042,
494,0.38813942,0.004668147,0.093741878,,0.03887325,0.99217,,0.458474568,0.30067601,
495,0.398241618,0.00549951,0.097566123,,0.033396526,0.98433,,0.442728909,0.306710595,
496,0.408773981,0.006452924,0.101412986,,0.028369813,0.97268,,0.428454398,0.314885098,
497,0.422211917,0.007811222,0.10543558,,0.024721855,0.95575,,0.413064086,0.324848056,
498,0.43768726,0.009231251,0.109992036,,0.021523908,0.93499,,0.398844373,0.333201861,
499,0.455597925,0.011431732,0.114672968,,0.019005764,0.9158,,0.384625865,0.342235304,
500,0.476211243,0.013618692,0.119586902,,0.01695678,0.89383,,0.371251923,0.354997806,
501,0.499855238,0.016594762,0.124172212,,0.015357806,0.86964,,0.355890172,0.36620031,
502,0.52662897,0.020176401,0.129012418,,0.013988625,0.84653,,0.345095022,0.37937654,
503,0.557022303,0.025997242,0.133463609,,0.012839662,0.81962,,0.333149246,0.392123826,
504,0.591787403,0.03164098,0.139245975,,0.012159859,0.79648,,0.320000264,0.405052404,
505,0.629212578,0.040303001,0.144367901,,0.011470481,0.77145,,0.308037679,0.419818943,
506,0.670538907,0.050102372,0.149151849,,0.010790678,0.75316,,0.297032442,0.434280949,
507,0.71519581,0.064014029,0.154585871,,0.010331093,0.73155,,0.285900261,0.449499371,
508,0.760686094,0.078814109,0.161495335,,0.0101013,0.70704,,0.275716323,0.463481757,
509,0.808559927,0.099765206,0.167543689,,0.009641715,0.6902,,0.267169326,0.479678029,
510,0.854523405,0.123168021,0.173071013,,0.009421497,0.67242,,0.257451493,0.492970126,
511,0.898904825,0.152906144,0.181468388,,0.009191704,0.65436,,0.247349559,0.507314861,
512,0.937198348,0.186539408,0.187939612,,0.008961912,0.63941,,0.240535451,0.521587149,
513,0.969032736,0.226584976,0.195235118,,0.008732119,0.62335,,0.231326187,0.533897416,
514,0.990077985,0.27205142,0.204090523,,0.008732119,0.60875,,0.22253034,0.546106797,
515,1,0.322321856,0.210876236,,0.008732119,0.59767,,0.215357507,0.556977851,
516,0.995924914,0.381014164,0.220233387,,0.008502327,0.58215,,0.207370325,0.567838137,
517,0.976825531,0.443189459,0.22899172,,0.008502327,0.57462,,0.201003919,0.575904731,
518,0.943994204,0.51219269,0.23826811,,0.008276336,0.55938,,0.192865904,0.58261439,
519,0.897537827,0.580952331,0.24903002,,0.008276336,0.54687,,0.187333691,0.587767797,
520,0.841560838,0.647161728,0.256341329,,0.008276336,0.53886,,0.179308274,0.593180092,
521,0.776019392,0.715293194,0.266648615,,0.008276336,0.52091,,0.173123717,0.59886567,
522,0.706165651,0.780843237,0.275537731,,0.008276336,0.51179,,0.166821192,0.600715218,
523,0.633284901,0.838011056,0.287598047,,0.008276336,0.49944,,0.16018451,0.604976914,
524,0.561833294,0.890265724,0.298616447,,0.008047986,0.49108,,0.155227308,0.606406063,
525,0.491540238,0.931190276,0.310291808,,0.008276336,0.47356,,0.149185546,0.609637593,
526,0.425619538,0.966095643,0.320162449,,0.008047986,0.45964,,0.144250104,0.611429675,
527,0.365517639,0.987359711,0.332071538,,0.008047986,0.44513,,0.139002588,0.613219768,
528,0.310369161,0.998987175,0.347215405,,0.008047986,0.43034,,0.133850699,0.61880996,
529,0.261784992,0.999998031,0.358170299,,0.008047986,0.41571,,0.129078575,0.624027036,
530,0.21950532,1,0.371838941,,0.008047986,0.39715,,0.123053192,0.628781578,0.002506675
531,0.181757521,0.983227675,0.382856472,,0.008047986,0.386,,0.118271328,0.634464113,0.003045877
532,0.149665711,0.962196628,0.397058034,,0.008047986,0.36753,,0.114399139,0.644101472,0.003685813
533,0.123370065,0.941308021,0.411897199,,0.008047986,0.35332,,0.109732015,0.653366299,0.004616111
534,0.100841343,0.909538275,0.423883061,,0.008047986,0.33579,,0.105641505,0.664100652,0.005313927
535,0.082135617,0.878258204,0.43879349,,0.008047986,0.32147,,0.100448744,0.676196389,0.006490621
536,0.067486293,0.846749049,0.45379106,,0.008047986,0.3094,,0.096966144,0.690357843,0.007751175
537,0.055209875,0.812557845,0.466303533,,0.008047986,0.29364,,0.092889302,0.706901366,0.010834208
538,0.045062844,0.778205167,0.480243529,,0.008047986,0.27889,,0.088934921,0.72104901,0.016097286
539,0.036720045,0.743022143,0.494248046,,0.008047986,0.26483,,0.086280385,0.742361354,0.0205365
540,0.030690892,0.710146364,0.504726351,,0.008047986,0.25252,,0.082634225,0.760716622,0.021887575
541,0.025686693,0.681093457,0.518911746,,0.008047986,0.24033,,0.078828332,0.778735407,0.021813781
542,0.021496622,0.650403686,0.529223961,,0.007819637,0.22842,,0.075354853,0.799016883,0.023570682
543,0.018387703,0.620525094,0.540348714,,0.008047986,0.21769,,0.072887524,0.821550516,0.02672203
544,0.015188639,0.59485829,0.552029657,,0.008047986,0.20516,,0.069910421,0.841268221,0.032285166
545,0.012585759,0.567581929,0.563685951,,0.008047986,0.19642,,0.067033245,0.863252246,0.038319187
546,0.010700707,0.546573725,0.57035074,,0.008047986,0.18694,,0.064291266,0.884670041,0.045171521
547,0.009235582,0.521916333,0.581743728,,0.008047986,0.17945,,0.061599,0.906090178,0.05360941
548,0.008081655,0.502708765,0.589533948,,0.008047986,0.17146,,0.059291427,0.924401557,0.063751427
549,0.007263075,0.483992774,0.597700567,,0.008047986,0.16324,,0.05664281,0.944615619,0.076140622
550,0.006311796,0.465629205,0.602658941,,0.008047986,0.15627,,0.054805861,0.960614097,0.088175727
551,0.004775207,0.452176621,0.611120693,,0.008047986,0.14906,,0.052585661,0.973300524,0.104332003
552,0.004610216,0.436949592,0.614252817,,0.008047986,0.14196,,0.050535628,0.984111303,0.120949764
553,0.00323851,0.423846739,0.621906236,,0.008276336,0.13758,,0.048920421,0.995832168,0.141443631
554,0.002903368,0.415207993,0.628152577,,0.007819637,0.13114,,0.046914565,1,0.16378033
555,0.001941104,0.400877016,0.633618062,,0.007591288,0.12484,,0.04489103,0.999331714,0.188034765
556,0.001577081,0.392874716,0.639285086,,0.007819637,0.12178,,0.043453738,0.995242649,0.217141197
557,0.001274671,0.385713198,0.647452286,,0.007591288,0.11595,,0.041750249,0.98851286,0.246877795
558,0.001115794,0.376438992,0.655777382,,0.007591288,0.11063,,0.039993022,0.974947479,0.280939476
559,0.001405436,0.371791289,0.660889811,,0.007591288,0.10726,,0.038718467,0.957769611,0.317644612
560,0.001968607,0.363237416,0.66660635,,0.007591288,0.10229,,0.037166043,0.938796969,0.356168229
561,0.001772283,0.355310996,0.676171928,,0.007591288,0.09928,,0.035585999,0.911902625,0.397524041
562,0.001189217,0.347711266,0.685275777,,0.007591288,0.09451,,0.034264798,0.878962343,0.441217921
563,0.001728733,0.342000194,0.693829236,,0.007591288,0.08999,,0.033021726,0.845061299,0.485388608
564,0.001287285,0.334803691,0.698835241,,0.007591288,0.08761,,0.031754337,0.806022998,0.531522254
565,0.002158753,0.327094932,0.713556962,,0.007591288,0.08358,,0.030350477,0.764591392,0.577818881
566,0.002003254,0.318134551,0.723104126,,0.007591288,0.08048,,0.029476009,0.723370922,0.625434238
567,0.001210185,0.310925576,0.736226147,,0.007591288,0.07712,,0.028186347,0.676393247,0.66913515
568,0.00060135,0.301833324,0.74286549,,0.007591288,0.0743,,0.027034172,0.63231214,0.715599126
569,0.000854287,0.293802405,0.759858372,,0.007591288,0.06987,,0.026082332,0.586473827,0.755714886
570,0.00128626,0.288009744,0.77191499,,0.007591288,0.06856,,0.024838243,0.541351903,0.796537343
571,0.001246882,0.277397533,0.786172736,,0.007591288,0.06356,,0.024003388,0.495330661,0.832589369
572,0.00086646,0.270760675,0.799987531,,0.007591288,0.06136,,0.023020998,0.452310618,0.868101305
573,0.001046752,0.260215089,0.820679166,,0.007591288,0.05943,,0.022248693,0.410465284,0.895908251
574,0.000696495,0.250364236,0.829222258,,0.007591288,0.05668,,0.02125044,0.370380899,0.924672214
575,0.001430393,0.242660467,0.845081806,,0.007591288,0.05381,,0.0203384,0.331550926,0.943777184
576,0.001744235,0.236181211,0.862496905,,0.007591288,0.05231,,0.019581937,0.297259209,0.96482883
577,0.001651739,0.223054464,0.877380148,,0.007591288,0.04854,,0.018909317,0.264503965,0.976689112
578,0.001272069,0.215298642,0.897867199,,0.007591288,0.0476,,0.018279231,0.235156392,0.986444991
579,0.001772519,0.208634216,0.915659931,,0.007591288,0.04615,,0.01756407,0.208583901,0.995908732
580,0.001807195,0.199455057,0.926421115,,0.007591288,0.0438,,0.016831521,0.185705357,0.995713628
581,0.001547859,0.191103815,0.941141097,,0.007591288,0.04123,,0.015932435,0.163636715,1
582,0.001487645,0.184410441,0.95573015,,0.007591288,0.03895,,0.015440967,0.144412441,0.998307049
583,0.000993282,0.175553969,0.965505749,,0.007819637,0.03778,,0.014913123,0.125773005,0.995741753
584,0.001003605,0.167348644,0.973701005,0.052448721,0.007591288,0.036,,0.014361077,0.108532288,0.988220321
585,0.00140926,0.160918487,0.989263102,0.058879275,0.007591288,0.03418,,0.0136793,0.095701203,0.978846213
586,0.001140346,0.154255242,0.994410691,0.066727491,0.007591288,0.03243,,0.01320907,0.083671358,0.969760394
587,0.001574873,0.147513033,1.001188067,0.074070409,0.007591288,0.03072,,0.012766736,0.07224297,0.960040264
588,0.002276862,0.141776231,0.999755833,0.08544955,0.007591288,0.02891,,0.012298218,0.062144132,0.945720011
589,0.001458427,0.135241247,0.999058492,0.095329906,0.007591288,0.02819,,0.011744085,0.054796266,0.933755368
590,0.001611156,0.130321859,0.99980687,0.105709181,0.007591288,0.02699,,0.011266032,0.047689382,0.924918241
591,0.001705342,0.124057377,0.992143084,0.117083755,0.007591288,0.02537,,0.010784427,0.040961114,0.909501082
592,0.00169836,0.119218989,0.986590459,0.129090423,0.007591288,0.02447,,0.010532197,0.035668198,0.895793009
593,0.001823055,0.114001728,0.974675281,0.14504777,0.007591288,0.02358,,0.010183093,0.030909793,0.882349985
594,0.00193116,0.109459376,0.962356662,0.158713295,0.007591288,0.0222,,0.009673473,0.027164935,0.869258978
595,0.001938736,0.106189784,0.94923783,0.173012726,0.007591288,0.02092,,0.009211669,0.023380285,0.856186178
596,0.00107477,0.100772648,0.930396369,0.190289575,0.007591288,0.01998,,0.008905476,0.020600755,0.84312078
597,0.000646243,0.097169998,0.91019633,0.205880888,0,0.01963,,0.008632824,0.01790912,0.827776452
598,0.000962825,0.093504072,0.883035211,0.224103087,0.000229793,0.01857,,0.008326935,0.015793311,0.815922388
599,0.001087262,0.089246007,0.861183565,0.241892121,,0.01757,,0.007963555,0.013337508,0.802405348
600,0.001716347,0.087135419,0.829830645,0.258526653,,0.01699,,0.007738331,0.011684466,0.792581967
601,0.000947656,0.083592305,0.806329929,0.279604548,,,,0.007386451,0.009999005,0.780407343
602,0.001227922,0.080986989,0.771909625,0.298339004,,,,0.007089412,0.00864558,0.770228763
603,0.000672393,0.079411498,0.743552319,0.318883617,,,,0.00680173,0.007557363,0.756292205
604,0.001773663,0.074251868,0.70718484,0.339684794,,,,0.006579515,0.006680516,0.746689389
605,0.000523582,0.07187859,0.676437698,0.358171024,,,,0.00630682,0.0057661,0.737209217
606,0.001418644,0.071506345,0.644703884,0.378082455,,,,0.006118319,0.004992129,0.729117571
607,0.001596445,0.067386387,0.613629205,0.394252215,,,,0.005900316,0.004460895,0.715958988
608,0.001934711,0.065175554,0.575533563,0.419107522,,,,0.005667534,0.003881207,0.705906382
609,0.002060358,0.064520854,0.542049691,0.437561635,,,,0.005562758,0.00329555,0.696077228
610,0.002753975,0.062233919,0.516027486,0.454432651,,,,0.005275492,0.003015946,0.689160944
611,0.002031667,0.059566113,0.482040781,0.477723853,,,,0.00507224,0.002547912,0.679217585
612,0.002361905,0.057245071,0.454391255,0.498827991,,,,0.004889691,0.002242093,0.67283732
613,0.002275994,0.056227763,0.423913437,0.516950072,,,,0.00474503,0.001948562,0.661279095
614,0.002864011,0.053786698,0.395915567,0.535539029,,,,0.004598782,0.001633964,0.652003427
615,0.002328028,0.05303829,0.372513445,0.556290111,,,,0.004330859,0.00153811,0.642292031
616,0.002182673,0.051812175,0.347272169,0.57718865,,,,0.004119442,0.001295725,0.631997395
617,0.002214371,0.050591219,0.322129053,0.597678311,,,,0.004110129,0.001090418,0.623895535
618,0.002220016,0.047774365,0.296937581,0.620420427,,,,0.0039611,0.001047032,0.615682726
619,0.002487514,0.046380494,0.27834326,0.63685139,,,,0.003809067,0.00081161,0.602233411
620,0.002161911,0.045011723,0.255236053,0.65608955,,,,0.003674731,0.000722217,0.591712066
621,0.002464017,0.043700742,0.237885766,0.674642114,,,,0.003519562,0.000563841,0.584160287
622,0.001130178,0.042633955,0.220122613,0.697892211,,,,0.003317594,0.000595371,0.575788272
623,0.002337504,0.040857356,0.202304145,0.716819507,,,,0.00322301,0.000510308,0.561762896
624,0.001152288,0.039880456,0.187903654,0.734691694,,,,0.003144337,0.000422085,0.552056089
625,0.001714769,0.03983527,0.171489945,0.744415893,,,,0.00299716,0.000425772,0.540924266
626,0.001676272,0.037017917,0.160946321,0.767840488,,,,0.002888649,0.000345004,0.533388919
627,0.001676667,0.035366015,0.14620981,0.787457658,,,,0.002792736,0.000271434,0.521582373
628,0.001927806,0.035520879,0.134149713,0.808807558,,,,0.002664427,0.000302238,0.507538937
629,0.001817374,0.033930508,0.12345653,0.81912985,,,,0.002582727,0.000235761,0.498710691
630,0.002083801,0.032407182,0.113232179,0.835032244,,,,0.002564216,0.00017462,0.490699722
631,0.002351402,0.031847476,,0.852593568,,,,0.002419047,,0.477484369
632,0.003028606,0.030337652,,0.866012026,,,,0.002319727,,0.465528756
633,0.002192541,0.02956889,,0.8804695,,,,0.002246586,,0.455839268
634,0.002125598,0.028013249,,0.893809155,,,,0.002138248,,0.442868314
635,0.001588834,0.027632071,,0.906691794,,,,0.002078975,,0.434381797
636,0.002279073,0.027341903,,0.915037044,,,,0.002028776,,0.423997158
637,0.001001714,0.026331494,,0.931232322,,,,0.001952851,,0.412179583
638,0.000671881,0.025455095,,0.938133884,,,,0.001905177,,0.402144519
639,0.00081454,0.023695806,,0.948836056,,,,0.001805374,,0.393432551
640,0.001470335,0.023398838,,0.963323253,,,,0.001733793,,0.382416044
641,0.001361201,0.021595846,,0.967299159,,,,0.001680946,,0.373312979
642,0.001825658,0.021661026,,0.977200829,,,,0.001619164,,0.36217183
643,0.001365774,0.021275654,,0.986833393,,,,0.001609097,,0.35488399
644,0.001924689,0.020910558,,0.990598989,,,,0.001572105,,0.347543674
645,0.00167572,0.02029135,,0.997002139,,,,0.001481472,,0.336198317
646,0.00141202,0.019282772,,0.998606696,,,,0.001407847,,0.326844932
647,0.001808773,0.018528496,,0.998462502,,,,0.001443446,,0.316971813
648,0.001773584,0.017903709,,0.992525791,,,,0.001354637,,0.307946539
649,0.001861481,0.017249744,,0.99835064,,,,0.001295966,,0.29960709
650,0.00246615,0.016243687,,1.002415064,,,,0.001319501,,0.290584406
651,0.001848383,0.016554276,,0.996718099,,,,,,0.285558325
652,0.002889775,0.016631337,,1,,,,,,0.273654893
653,0.001959373,0.015844964,,0.996131823,,,,,,0.267825302
654,0.002463977,0.015027385,,0.99080756,,,,,,0.26013023
655,0.002139294,0.014598132,,0.988452087,,,,,,0.251835042
656,0.002608368,0.014561223,,0.97407117,,,,,,0.243070598
657,0.002322777,0.013829771,,0.964917516,,,,,,0.234838841
658,0.002818572,0.013391473,,0.950814331,,,,,,0.227193507
659,0.002484078,0.013330047,,0.950115106,,,,,,0.222740008
660,0.001552828,0.013105486,,0.942711943,,,,,,0.216576683
661,0.00175749,0.012318496,,0.928143044,,,,,,0.209729234
662,0.002526809,0.011781121,,0.921480719,,,,,,0.204087493
663,0.002079696,0.012063366,,0.908294974,,,,,,0.199208555
664,0.002393413,0.011418289,,0.899201274,,,,,,0.194059978
665,0.002252031,0.01134323,,0.887625233,,,,,,0.188011228
666,0.002550347,0.011192481,,0.878790634,,,,,,0.183422947
667,0.002301063,0.011372197,,0.865964686,,,,,,0.17839694
668,0.001954086,0.010658684,,0.855178056,,,,,,0.170920213
669,0.001437056,0.010809328,,0.843909689,,,,,,0.167634009
670,0.003029476,0.010617488,,0.834294959,,,,,,0.16336281
671,0.001770192,0.010107794,,0.817197465,,,,,,0.159780471
672,0.002839829,0.009533057,,0.811619176,,,,,,0.153141745
673,0.002597071,0.009382564,,0.80056083,,,,,,0.150128213
674,0.00346074,0.009694656,,0.787569084,,,,,,0.145909786
675,0.003225858,0.009574456,,0.771838361,,,,,,0.141949969
676,0.001532362,0.009504228,,0.764596648,,,,,,0.138971077
677,0.000686137,0.008875036,,0.747459354,,,,,,0.134966998
678,0.000494682,0.008760488,,0.736579784,,,,,,0.130882392
679,0.001242822,0.00927884,,0.720813465,,,,,,0.128135537
680,0.000315249,0.009204417,,0.710831469,,,,,,0.122766099
681,0.001429565,0.0095989,,0.701055,,,,,,0.118659583
682,0.0001,0.008303456,,0.686776883,,,,,,0.116790624
683,0.000665698,0.008096953,,0.675384184,,,,,,0.113825202
684,0.000950257,0.00850138,,0.658338526,,,,,,0.110360029
685,0.00083723,0.008443571,,0.649918822,,,,,,0.106695163
686,0.001187995,0.008585104,,0.632318641,,,,,,0.103933653
687,0.000529764,0.008227911,,0.629050587,,,,,,0.102048484
688,0.001181453,0.007605611,,0.613029516,,,,,,0.098439573
689,0.000622851,0.008119185,,0.603792419,,,,,,0.096329027
690,0.001218975,0.007664208,,0.590870777,,,,,,0.093432588
691,0.000350872,0.007428508,,0.585549341,,,,,,0.090715487
692,0.00034788,0.008150239,,0.573460173,,,,,,0.088030879
693,0.000259043,0.007878293,,0.567308511,,,,,,0.085564912
694,0.0001,0.007528333,,0.55747506,,,,,,0.082256282
695,0.000395275,0.007233912,,0.545679864,,,,,,0.081315695
696,0.00138182,0.006874448,,0.534907007,,,,,,0.078985177
697,0.001590805,0.007393837,,0.522867933,,,,,,0.074955341
698,0.002218081,0.007041738,,0.517494953,,,,,,0.074449595
699,0.001536187,0.007089944,,0.501811425,,,,,,0.072801201
700,0.002179634,0.007008124,,0.50058392,,,,,,0.069281404
701,,,,0.4883797,,,,,,
702,,,,0.483368693,,,,,,
703,,,,0.474050038,,,,,,
704,,,,0.465879503,,,,,,
705,,,,0.459746546,,,,,,
706,,,,0.450509739,,,,,,
707,,,,0.442538206,,,,,,
708,,,,0.435325201,,,,,,
709,,,,0.428894865,,,,,,
710,,,,0.423566398,,,,,,
711,,,,0.413362781,,,,,,
712,,,,0.406277442,,,,,,
713,,,,0.404004253,,,,,,
714,,,,0.395949567,,,,,,
715,,,,0.385342292,,,,,,
716,,,,0.382739028,,,,,,
717,,,,0.376906567,,,,,,
718,,,,0.36889915,,,,,,
719,,,,0.364692053,,,,,,
720,,,,0.354253694,,,,,,
721,,,,0.348551799,,,,,,
722,,,,0.343600384,,,,,,
723,,,,0.336734853,,,,,,
724,,,,0.333133679,,,,,,
725,,,,0.325375938,,,,,,
726,,,,0.317862291,,,,,,
727,,,,0.313398631,,,,,,
728,,,,0.309807679,,,,,,
729,,,,0.304760786,,,,,,
730,,,,0.293059979,,,,,,
731,,,,0.293182788,,,,,,
732,,,,0.28573707,,,,,,
733,,,,0.285284694,,,,,,
734,,,,0.275786973,,,,,,
735,,,,0.272468606,,,,,,
736,,,,0.265194922,,,,,,
737,,,,0.26273665,,,,,,
738,,,,0.2591051,,,,,,
739,,,,0.251679392,,,,,,
740,,,,0.246441109,,,,,,
741,,,,0.244703812,,,,,,
742,,,,0.237845893,,,,,,
743,,,,0.231912372,,,,,,
744,,,,0.227610088,,,,,,
745,,,,0.220942689,,,,,,
746,,,,0.217679637,,,,,,
747,,,,0.211792007,,,,,,
748,,,,0.210372387,,,,,,
749,,,,0.21027517,,,,,,
750,,,,0.202491113,,,,,,
751,,,,0.201416502,,,,,,
752,,,,0.191796553,,,,,,
753,,,,0.185099358,,,,,,
754,,,,0.18737639,,,,,,
755,,,,0.179990626,,,,,,
756,,,,0.175236836,,,,,,
757,,,,0.171197568,,,,,,
758,,,,0.169285989,,,,,,
759,,,,0.168901324,,,,,,
760,,,,0.164517627,,,,,,
761,,,,0.159572809,,,,,,
762,,,,0.155173815,,,,,,
763,,,,0.152924622,,,,,,
764,,,,0.151662754,,,,,,
765,,,,0.146686545,,,,,,
766,,,,0.145154629,,,,,,
767,,,,0.141148346,,,,,,
768,,,,0.138071102,,,,,,
769,,,,0.138403642,,,,,,
770,,,,0.133141943,,,,,,
771,,,,0.12929305,,,,,,
772,,,,0.127335001,,,,,,
773,,,,0.124676785,,,,,,
774,,,,0.121623174,,,,,,
775,,,,0.11832025,,,,,,
776,,,,0.114363917,,,,,,
777,,,,0.116518793,,,,,,
778,,,,0.108343909,,,,,,
779,,,,0.106917547,,,,,,
780,,,,0.106224339,,,,,,
781,,,,0.103406341,,,,,,
782,,,,0.103672836,,,,,,
783,,,,0.100433998,,,,,,
784,,,,0.096456424,,,,,,
785,,,,0.096262714,,,,,,
786,,,,0.094019756,,,,,,
787,,,,0.095000774,,,,,,
788,,,,0.09214399,,,,,,
789,,,,0.086189156,,,,,,
790,,,,0.08522474,,,,,,
791,,,,0.084457441,,,,,,
792,,,,0.085498848,,,,,,
793,,,,0.08390212,,,,,,
794,,,,0.080050979,,,,,,
795,,,,0.079709522,,,,,,
796,,,,0.079414318,,,,,,
797,,,,0.077692244,,,,,,
798,,,,0.078086623,,,,,,
799,,,,0.075723031,,,,,,
800,,,,0.071962801,,,,,,
801,,,,,,,,,,
802,,,,,,,,,,
803,,,,,,,,,,
804,,,,,,,,,,
805,,,,,,,,,,
806,,,,,,,,,,
807,,,,,,,,,,
808,,,,,,,,,,
809,,,,,,,,,,
810,,,,,,,,,,
811,,,,,,,,,,
812,,,,,,,,,,
813,,,,,,,,,,
814,,,,,,,,,,
815,,,,,,,,,,
816,,,,,,,,,,
817,,,,,,,,,,
818,,,,,,,,,,
819,,,,,,,,,,
820,,,,,,,,,,
821,,,,,,,,,,
822,,,,,,,,,,
823,,,,,,,,,,
824,,,,,,,,,,
825,,,,,,,,,,
826,,,,,,,,,,
827,,,,,,,,,,
828,,,,,,,,,,
829,,,,,,,,,,
830,,,,,,,,,,
831,,,,,,,,,,
832,,,,,,,,,,
833,,,,,,,,,,
834,,,,,,,,,,
835,,,,,,,,,,
836,,,,,,,,,,
837,,,,,,,,,,
838,,,,,,,,,,
839,,,,,,,,,,
840,,,,,,,,,,
841,,,,,,,,,,
842,,,,,,,,,,
843,,,,,,,,,,
844,,,,,,,,,,
845,,,,,,,,,,
846,,,,,,,,,,
847,,,,,,,,,,
848,,,,,,,,,,
849,,,,,,,,,,
850,,,,,,,,,,
851,,,,,,,,,,
852,,,,,,,,,,
853,,,,,,,,,,
854,,,,,,,,,,
855,,,,,,,,,,
856,,,,,,,,,,
857,,,,,,,,,,
858,,,,,,,,,,
859,,,,,,,,,,
860,,,,,,,,,,
861,,,,,,,,,,
862,,,,,,,,,,
863,,,,,,,,,,
864,,,,,,,,,,
865,,,,,,,,,,
866,,,,,,,,,,
867,,,,,,,,,,
868,,,,,,,,,,
869,,,,,,,,,,
870,,,,,,,,,,
871,,,,,,,,,,
872,,,,,,,,,,
873,,,,,,,,,,
874,,,,,,,,,,
875,,,,,,,,,,
876,,,,,,,,,,
877,,,,,,,,,,
878,,,,,,,,,,
879,,,,,,,,,,
880,,,,,,,,,,
881,,,,,,,,,,
882,,,,,,,,,,
883,,,,,,,,,,
884,,,,,,,,,,
885,,,,,,,,,,
886,,,,,,,,,,
887,,,,,,,,,,
888,,,,,,,,,,
889,,,,,,,,,,
890,,,,,,,,,,
891,,,,,,,,,,
892,,,,,,,,,,
893,,,,,,,,,,
894,,,,,,,,,,
895,,,,,,,,,,
896,,,,,,,,,,
897,,,,,,,,,,
898,,,,,,,,,,
899,,,,,,,,,,
900,,,,,,,,,,
