wavelength,r,g,b,rspline3b,rspline3c,rspline3d,gspline3b,gspline3c,gspline3d,bspline3b,bspline3c,bspline3d
320,0,0,0,0.0243036,0,-7.74E-04,0,0,0.00E+00,0.024306,0,-0.0007766
321,6,0,6,0.0219811,-0.0023224,-5.09E-05,0,0,0.00E+00,0.0219762,-0.0023298,-0.0000385
322,11,0,11,0.0171837,-0.002475,9.78E-04,0,0,0.00E+00,0.017201,-0.0024453,0.0009306
323,15,0,15,0.0151665,0.0004579,0.0000619,0,0,0.00E+00,0.0151022,0.0003465,2.38E-04
324,19,0,19,0.016268,6.44E-04,-1.23E-03,0,0,0.00E+00,0.016508,0.0010594,-1.88E-03
325,23,0,23,0.0138792,-0.0030324,0.0009179,0,0,0,0.0129833,-0.0045841,0.0033655
326,26,0,26,0.010568,-0.0002788,0.0014754,0,0,0.00E+00,0.0139115,0.0055123,-0.0037375
327,29,0,30,0.0144368,0.0041476,-0.0028981,0,0,0,0.0137235,-0.0057003,0.0037416
328,33,0,33,0.0140377,-0.0045467,0.0022737,0,0,0,0.0135475,0.0055244,-0.0033857
329,36,0,37,0.0117655,0.0022745,-0.0022753,0,0,0,0.0144393,-0.0046326,0.001958
330,39,0,40,0.0094886,-0.0045513,0.0029058,0,0,0,0.011048,0.0012413,-0.0005246
331,41,0,43,0.0091035,0.0041661,-1.50E-03,0,0,0.00E+00,0.0119567,-0.0003326,0.0001406
332,44,0,46,0.0129211,-0.0003485,-0.0008078,0,0,0.00E+00,0.0117133,0.0000892,-0.0000377
333,47,0,49,0.0098005,-0.002772,0.0008146,0,0,0.00E+00,0.0117784,-0.000024,0.0000103
334,49,0,52,0.0067003,-0.0003282,1.47E-03,0,0,0,0.0117613,6.83E-06,-3.38E-06
335,51,0,55,0.010457,0.004085,-0.0027773,0,0,0.00E+00,0.0117648,-3.32E-06,3.25E-06
336,54,0,58,0.0102951,-0.0042469,0.0017949,0,0,0.00E+00,0.0117679,6.44E-06,-9.63E-06
337,56,0,61,0.0071861,0.0011378,-4.81E-04,0,0,0.00E+00,0.0117519,-0.0000225,0.0000353
338,58,0,64,0.0080194,-0.0003045,0.0001282,0,0,0,0.0118128,0.0000834,-0.0001314
339,60,0,67,0.0077951,0.0000801,-0.0000321,0,0,0,0.0115853,-0.0003108,0.0004902
340,62,0,70,0.0078591,-0.0000161,2.41E-08,0,0,0,0.0124343,0.0011598,-0.0018294
341,64,0,73,0.0078271,-0.000016,0.000032,0,0,0,0.0092657,-0.0043284,2.91E-03
342,66,0,75,0.0078912,8.01E-05,-0.0001282,0,0,0,0.0093263,0.0043889,-0.0019505
343,68,0,78,0.0076668,-0.0003045,0.0004808,0,0.00E+00,0,0.0122525,-0.0014627,0.0009749
344,70,0,81,0.0085003,0.0011379,-0.001795,0,0,0,0.0122517,0.0014619,-1.95E-03
345,72,0,84,0.005391,-0.0042472,0.0027778,0,0,0,0.0093288,-0.0043848,2.90E-03
346,73,0,86,0.0052299,0.0040861,-0.0014729,0,0,0,0.0092566,4.31E-03,-1.80E-03
347,75,0,89,0.0089834,-0.0003326,-0.0008077,0,0,0,0.0124683,-0.0011009,3.97E-04
348,77,0,92,0.0058952,-0.0027556,0.000782,0,0,0,0.0114583,0.0000908,-3.71E-03
349,78,0,94,0.00273,-0.0004095,0.0016011,0,0,0.00E+00,0.0005219,-0.0110272,1.05E-02
350,79,0,94,0.0067142,0.0043937,-0.0032648,0,0,0,0.0099833,0.0204886,-1.09E-02
351,81,0,99,0.0057073,-0.0054006,0.0036149,0,0,0,0.0183682,-0.0121037,5.50E-03
352,82,0,102,0.0057508,0.0054441,-0.0033517,0,0,0,0.0106614,4.40E-03,-3.29E-03
353,84,0,105,0.0065838,-0.0046111,0.0019489,0,0,0,0.0095745,-0.0054838,3.75E-03
354,85,0,107,0.0032082,0.0012356,-0.0005222,0,0,0,0.0098642,5.77E-03,-3.87E-03
355,86,0,110,0.0041126,-0.0003312,0.0001401,0,0,0,0.0097921,-5.85E-03,3.90E-03
356,87,0,112,0.0038706,0.0000891,-0.0000382,0,0,0,0.0097909,5.84E-03,-3.87E-03
357,88,0,115,0.0039344,-0.0000253,0.0000125,0,0,0,0.0098678,-0.0057677,3.74E-03
358,89,0,117,0.0039213,0.0000122,-0.0000119,0,0,0,0.0095616,5.46E-03,-3.26E-03
359,90,0,120,0.00391,-0.0000234,0.000035,0,0,0.00E+00,0.0107094,-4.31E-03,1.45E-03
360,91,0,122,0.0039681,0.0000816,-1.28E-04,0,0.00E+00,0,0.0064243,2.87E-05,1.39E-03
361,92,0,124,0.0037468,-0.0003029,0.0004776,0,0,0.00E+00,0.010652,4.20E-03,-3.09E-03
362,93,0,127,0.0045739,0.00113,-1.78E-03,0,0,0.00E+00,0.009791,-5.06E-03,3.11E-03
363,94,0,129,0.0014869,-0.004217,0.00273,0,0,0.00E+00,0.0090074,4.28E-03,-1.52E-03
364,94,0,132,0.0012431,0.0039731,-0.0012947,0,0,0.00E+00,0.0130029,-2.81E-04,-9.57E-04
365,95,0,135,0.0053053,0.0000891,-0.0014729,0,0,0.00E+00,0.0095694,-3.15E-03,1.43E-03
366,96,0,137,0.0010649,-0.0043295,0.0032646,0,0,0.00E+00,0.0075431,1.13E-03,-8.26E-04
367,96,0,139,0.0021997,0.0054643,-0.0037424,0,0,0.00E+00,0.0073168,-1.35E-03,1.88E-03
368,97,0,141,0.0019011,-0.0057629,3.86E-03,0,0,0.00E+00,0.0102483,4.28E-03,-2.77E-03
369,97,0,144,0.0019608,0.0058226,-0.0038618,0,0,0.00E+00,0.0105135,-4.02E-03,1.35E-03
370,98,0,146,0.0020205,-0.0057629,0.0037424,0,0,0.00E+00,0.0065212,2.66E-05,1.30E-03
371,98,0,148,0.0017219,0.0054643,-0.0032646,0,0,0.00E+00,1.05E-02,3.91E-03,-2.61E-03
372,99,0,151,0.0028566,-0.0043295,0.0014729,0,0.00E+00,0.00E+00,1.05E-02,-3.91E-03,1.29E-03
373,99,0,153,-0.0013838,0.0000891,0.0012947,0,0,0.00E+00,6.52E-03,-2.83E-05,1.35E-03
374,99,0,155,0.0026785,0.0039731,-2.73E-03,0.00E+00,0.00E+00,0.00E+00,1.05E-02,4.03E-03,-2.78E-03
375,100,0,158,0.0024346,-0.004217,1.78E-03,0,0.00E+00,0.00E+00,1.02E-02,-4.31E-03,1.92E-03
376,100,0,160,-0.0006523,0.00113,-4.78E-04,0,9.90E-39,-1.56E-38,7.37E-03,1.44E-03,-9.69E-04
377,100,0,162,0.0001747,-0.0003029,1.28E-04,-2.13E-38,-3.70E-38,5.83E-38,7.35E-03,-1.46E-03,1.96E-03
378,100,0,164,-0.0000466,0.0000815,-3.49E-05,7.96E-38,1.38E-37,-2.18E-37,1.03E-02,4.41E-03,-2.94E-03
379,100,0,167,0.0000116,-0.0000233,1.16E-05,-2.97E-37,-5.15E-37,8.12E-37,1.03E-02,-4.41E-03,1.96E-03
380,100,0,169,1.69E-21,0.0000116,-1.16E-05,1.11E-36,1.92E-36,-3.03E-36,7.35E-03,1.47E-03,-9.80E-04
381,100,0,171,-0.0000116,-0.0000233,3.49E-05,-4.14E-36,-7.17E-36,1.13E-35,7.35E-03,-1.47E-03,1.96E-03
382,100,0,173,0.0000466,0.0000815,-1.28E-04,1.54E-35,2.68E-35,-4.22E-35,1.03E-02,4.41E-03,-2.94E-03
383,100,0,176,-0.0001747,-0.0003029,4.78E-04,-5.77E-35,-9.99E-35,1.58E-34,1.03E-02,-4.41E-03,1.96E-03
384,100,0,178,0.0006523,0.00113,-1.78E-03,2.15E-34,3.73E-34,-5.88E-34,7.35E-03,1.47E-03,-9.77E-04
385,100,0,180,-0.0024346,-0.004217,2.73E-03,-8.03E-34,-1.39E-33,2.19E-33,7.36E-03,-1.46E-03,1.95E-03
386,99,0,182,-0.0026785,0.0039731,-1.29E-03,3.00E-33,5.19E-33,-8.19E-33,1.03E-02,4.38E-03,-2.90E-03
387,99,0,185,0.0013838,0.0000891,-1.47E-03,-1.12E-32,-1.94E-32,3.06E-32,1.04E-02,-4.31E-03,1.79E-03
388,99,0,187,-0.0028566,-4.33E-03,3.26E-03,4.17E-32,7.23E-32,-1.14E-31,7.13E-03,1.08E-03,-3.60E-04
389,98,0,189,-0.0017219,5.46E-03,-3.74E-03,-1.56E-31,-2.70E-31,4.26E-31,8.20E-03,-1.49E-06,-3.57E-04
390,98,0,191,-0.0020205,-5.76E-03,3.86E-03,5.81E-31,1.01E-30,-1.59E-30,7.13E-03,-1.07E-03,1.79E-03
391,97,0,193,-0.0019608,5.82E-03,-3.86E-03,-2.17E-30,-3.76E-30,5.93E-30,1.03E-02,4.29E-03,-2.86E-03
392,97,0,196,-0.0019011,-5.76E-03,3.74E-03,8.10E-30,1.40E-29,-2.21E-29,1.03E-02,-4.31E-03,1.83E-03
393,96,0,198,-0.0021997,5.46E-03,-3.26E-03,-3.02E-29,-5.23E-29,8.26E-29,7.19E-03,1.17E-03,-5.22E-04
394,96,0,200,-0.0010649,-4.33E-03,1.47E-03,1.13E-28,1.95E-28,-3.08E-28,7.97E-03,-3.92E-04,2.61E-04
395,95,0,202,-0.0053053,8.91E-05,1.29E-03,-4.21E-28,-7.29E-28,1.15E-27,7.97E-03,3.92E-04,-5.23E-04
396,94,0,204,-0.0012431,3.97E-03,-2.73E-03,1.57E-27,2.72E-27,-4.29E-27,7.19E-03,-1.18E-03,1.83E-03
397,94,0,206,-1.49E-03,-4.22E-03,1.78E-03,-5.86E-27,-1.02E-26,1.60E-26,1.03E-02,4.31E-03,-2.87E-03
398,93,0,209,-4.57E-03,1.13E-03,-4.78E-04,2.19E-26,3.79E-26,-5.98E-26,1.03E-02,-4.31E-03,1.82E-03
399,92,0,211,-3.75E-03,-3.03E-04,1.28E-04,-8.17E-26,-1.41E-25,2.23E-25,7.18E-03,1.16E-03,-4.90E-04
400,91,0,213,-3.97E-03,8.16E-05,-3.50E-05,3.05E-25,5.28E-25,-8.33E-25,8.02E-03,-3.15E-04,1.40E-04
401,90,0,215,-3.91E-03,-2.34E-05,1.19E-05,-1.14E-24,-1.97E-24,3.11E-24,7.81E-03,1.05E-04,-7.00E-05
402,89,0,217,-3.92E-03,1.22E-05,-1.25E-05,4.24E-24,7.35E-24,-1.16E-23,7.81E-03,-1.05E-04,1.40E-04
403,88,0,219,-3.93E-03,-2.53E-05,3.82E-05,-1.58E-23,-2.74E-23,4.33E-23,8.02E-03,3.15E-04,-4.90E-04
404,87,0,221,-3.87E-03,8.91E-05,-1.40E-04,5.91E-23,1.02E-22,-1.62E-22,7.18E-03,-1.16E-03,1.82E-03
405,86,0,223,-4.11E-03,-3.31E-04,5.22E-04,-2.21E-22,-3.82E-22,6.03E-22,1.03E-02,4.31E-03,-2.87E-03
406,85,0,226,-3.21E-03,1.24E-03,-1.95E-03,8.23E-22,1.43E-21,-2.25E-21,1.03E-02,-4.31E-03,1.82E-03
407,84,0,228,-6.58E-03,-4.61E-03,3.35E-03,-3.07E-21,-5.32E-21,8.40E-21,7.18E-03,1.15E-03,-4.88E-04
408,82,0,230,-0.0057508,0.0054441,-0.0036149,1.15E-20,1.99E-20,-3.13E-20,0.0080216,-0.0003092,0.0001307
409,81,0,232,-0.0057073,-0.0054006,0.0032648,-4.28E-20,-7.41E-20,1.17E-19,0.0077953,0.0000829,-0.000035
410,79,0,234,-0.0067142,0.0043937,-0.0016011,1.60E-19,2.77E-19,-4.36E-19,0.0078559,-0.0000222,9.45E-06
411,78,0,236,-0.00273,-0.0004095,-0.000782,-5.96E-19,-1.03E-18,1.63E-18,0.0078398,6.11E-06,-2.77E-06
412,77,0,238,-0.0058951,-0.0027556,0.0008076,2.22E-18,3.85E-18,-6.08E-18,0.0078437,-2.20E-06,1.63E-06
413,75,0,240,-0.0089835,-0.0003327,0.0014731,-8.30E-18,-1.44E-17,2.27E-17,0.0078442,2.69E-06,-3.76E-06
414,73,0,242,-0.0052297,0.0040866,-0.0027785,3.10E-17,5.37E-17,-8.47E-17,0.0078383,-8.58E-06,0.0000134
415,72,0,244,-0.005392,-0.0042489,0.0017977,-1.16E-16,-2.00E-16,3.16E-16,0.0078614,0.0000316,-0.0000498
416,70,0,246,-0.0084966,0.0011443,-0.0004909,4.32E-16,7.48E-16,-1.18E-15,0.0077751,-0.0001179,0.0001859
417,68,0,248,-0.0076806,-0.0003283,0.0001657,-1.61E-15,-2.79E-15,4.40E-15,0.0080971,0.0004398,-0.0006938
418,66,0,250,-0.00784,0.0001688,-0.0001719,6.01E-15,1.04E-14,-1.64E-14,0.0068954,-0.0016415,0.0025892
419,64,0,252,-0.0080182,-0.000347,0.000522,-2.24E-14,-3.89E-14,6.13E-14,0.0113801,0.0061262,-0.0057416
420,62,0,255,-0.007146,0.0012192,-0.0019163,8.37E-14,1.45E-13,-2.29E-13,0.0064077,-0.0110985,0.0046908
421,60,0,255,-0.0104566,-0.0045298,0.0032217,-3.13E-13,-5.41E-13,8.54E-13,-0.0017169,0.0029738,-0.0012569
422,57,0,255,-0.0098511,0.0051354,-0.0031274,1.17E-12,2.02E-12,-3.19E-12,0.0004601,-0.0007968,0.0003368
423,55,0,255,-0.0089626,-0.0042469,0.0014448,-4.35E-12,-7.54E-12,1.19E-11,-0.0001233,0.0002135,-0.0000902
424,52,0,255,-0.013122,0.0000876,0.0012697,1.62E-11,2.81E-11,-4.44E-11,0.000033,-0.0000572,0.0000242
425,49,0,255,-0.0091377,0.0038967,-0.0026021,-6.06E-11,-1.05E-10,1.66E-10,-8.85E-06,0.0000153,-6.48E-06
426,47,0,255,-0.0091506,-0.0039096,0.0012955,2.26E-10,3.92E-10,-6.18E-10,2.37E-06,-4.11E-06,1.74E-06
427,44,0,255,-0.0130832,-0.000023,0.0013415,-8.44E-10,-1.46E-09,2.31E-09,-6.35E-07,1.10E-06,-4.65E-07
428,41,0,255,-0.0091046,0.0040016,-0.0027401,3.15E-09,5.46E-09,-8.61E-09,1.70E-07,-2.95E-07,1.25E-07
429,39,0,255,-0.0093218,-0.0042188,0.0017758,-1.18E-08,-2.04E-08,3.21E-08,-4.56E-08,7.90E-08,-3.34E-08
430,36,0,255,-0.0124318,0.0011087,-0.0004416,4.39E-08,7.60E-08,-1.20E-07,1.22E-08,-2.12E-08,8.95E-09
431,33,0,255,-0.0115392,-0.000216,-9.52E-06,-1.64E-07,-2.84E-07,4.48E-07,-3.28E-09,5.67E-09,-2.40E-09
432,30,0,255,-0.0119998,-0.0002446,0.0004797,6.11E-07,1.06E-06,-1.67E-06,8.78E-10,-1.52E-09,6.43E-10
433,27,0,255,-0.0110499,0.0011945,-0.0019092,-2.28E-06,-3.95E-06,6.23E-06,-2.35E-10,4.07E-10,-1.72E-10
434,24,0,255,-0.0143887,-0.0045332,0.0032356,8.51E-06,0.0000147,-0.0000233,6.30E-11,-1.09E-10,4.61E-11
435,20,0,255,-0.0137482,0.0051737,-0.0031901,-0.0000318,-0.000055,0.0000868,-1.69E-11,2.92E-11,-1.24E-11
436,17,0,255,-0.0129713,-0.0043967,0.0016818,0.0001186,0.0002054,-0.000324,4.52E-12,-7.84E-12,3.31E-12
437,13,0,255,-0.0167195,0.0006486,0.0003847,-0.0004426,-0.0007666,0.0012092,-1.21E-12,2.10E-12,-8.87E-13
438,9,0,255,-0.0142684,0.0018025,-0.0032204,0.0016518,0.002861,-0.0045128,3.25E-13,-5.63E-13,2.38E-13
439,5,0,255,-0.0203245,-0.0078587,0.0085754,-0.0061646,-0.0106775,0.0168421,-8.70E-14,1.51E-13,-6.37E-14
440,0,0,255,-0.0103158,0.0178674,-0.0075517,0.0230067,0.0398488,-0.0197183,2.33E-14,-4.04E-14,1.71E-14
441,0,11,255,0.0027641,-0.0047876,0.0020235,0.0435495,-0.019306,0.0071291,-6.25E-15,1.08E-14,-4.57E-15
442,0,19,255,-0.0007406,0.0012828,-0.0005422,0.0263247,0.0020812,-0.0009549,1.67E-15,-2.90E-15,1.23E-15
443,0,26,255,0.0001985,-0.0003437,0.0001453,0.0276223,-0.0007836,0.0006122,-4.49E-16,7.77E-16,-3.28E-16
444,0,33,255,-0.0000532,0.0000921,-0.0000389,0.0278918,0.001053,-0.0014939,1.20E-16,-2.08E-16,8.80E-17
445,0,40,255,0.0000142,-0.0000247,0.0000104,0.0255163,-0.0034286,0.0014417,-3.22E-17,5.58E-17,-2.36E-17
446,0,46,255,-3.82E-06,6.61E-06,-2.79E-06,0.0229842,0.0008965,-0.0003513,8.63E-18,-1.49E-17,6.32E-18
447,0,52,255,1.02E-06,-1.77E-06,7.49E-07,0.0237233,-0.0001575,-0.0000364,-2.31E-18,4.01E-18,-1.69E-18
448,0,58,255,-2.74E-07,4.75E-07,-2.01E-07,0.0232992,-0.0002666,0.0004968,6.20E-19,-1.07E-18,4.54E-19
449,0,64,255,7.34E-08,-1.27E-07,5.38E-08,0.0242563,0.0012237,-0.0019506,-1.66E-19,2.88E-19,-1.22E-19
450,0,70,255,-1.97E-08,3.41E-08,-1.44E-08,0.0208519,-0.0046281,0.0033841,4.45E-20,-7.71E-20,3.26E-20
451,0,75,255,5.27E-09,-9.13E-09,3.86E-09,0.0217479,0.0055241,-0.0037425,-1.19E-20,2.07E-20,-8.73E-21
452,0,81,255,-1.41E-09,2.45E-09,-1.03E-09,0.0215684,-0.0057035,0.0037429,3.19E-21,-5.54E-21,2.35E-21
453,0,86,255,3.79E-10,-6.56E-10,2.77E-10,0.0213902,0.0055253,-0.003386,-8.41E-22,1.51E-21,-6.68E-22
454,0,92,255,-1.01E-10,1.76E-10,-7.43E-11,0.0222826,-0.0046328,0.001958,1.72E-22,-4.96E-22,3.24E-22
455,0,97,255,2.72E-11,-4.71E-11,1.99E-11,0.0188911,0.0012413,-0.0005245,1.52E-22,4.77E-22,-6.29E-22
456,0,102,255,-7.28E-12,1.26E-11,-5.33E-12,0.0198001,-0.0003322,0.0001399,-7.81E-22,-1.41E-21,2.19E-21
457,0,107,255,1.95E-12,-3.38E-12,1.43E-12,0.0195555,0.0000876,-0.0000352,2.97E-21,5.16E-21,-8.14E-21
458,0,112,255,-5.23E-13,9.06E-13,-3.83E-13,0.019625,-0.0000181,9.07E-07,-1.11E-20,-1.92E-20,3.03E-20
459,0,117,255,1.40E-13,-2.43E-13,1.03E-13,0.0195916,-0.0000153,0.0000316,4.15E-20,7.18E-20,-1.13E-19
460,0,122,255,-3.75E-14,6.50E-14,-2.75E-14,0.0196557,0.0000794,-0.0001272,-1.55E-19,-2.68E-19,4.23E-19
461,0,127,255,1.01E-14,-1.74E-14,7.36E-15,0.0194328,-0.0003023,0.0004773,5.77E-19,1.00E-18,-1.58E-18
462,0,132,255,-2.70E-15,4.67E-15,-1.97E-15,0.0202603,0.0011298,-0.0017822,-2.15E-18,-3.73E-18,5.89E-18
463,0,137,255,7.22E-16,-1.25E-15,5.29E-16,0.0171732,-0.0042169,0.00273,8.04E-18,1.39E-17,-2.20E-17
464,0,141,255,-1.94E-16,3.35E-16,-1.42E-16,0.0169294,0.0039731,-0.0012946,-3.00E-17,-5.20E-17,8.20E-17
465,0,146,255,5.19E-17,-8.98E-17,3.80E-17,0.0209917,0.0000893,-0.0014731,1.12E-16,1.94E-16,-3.06E-16
466,0,151,255,-1.39E-17,2.41E-17,-1.02E-17,0.0167509,-0.0043301,0.0032655,-4.18E-16,-7.24E-16,1.14E-15
467,0,155,255,3.72E-18,-6.45E-18,2.73E-18,0.0178872,0.0054664,-0.0037458,1.56E-15,2.70E-15,-4.26E-15
468,0,160,255,-9.98E-19,1.73E-18,-7.30E-19,0.0175827,-0.0057709,0.0038744,-5.82E-15,-1.01E-14,1.59E-14
469,0,164,255,2.67E-19,-4.63E-19,1.96E-19,0.0176642,0.0058523,-0.0039087,2.17E-14,3.76E-14,-5.94E-14
470,0,169,255,-7.16E-20,1.24E-19,-5.24E-20,0.0176428,-0.0058738,0.0039173,-8.11E-14,-1.40E-13,2.22E-13
471,0,173,255,1.92E-20,-3.32E-20,1.41E-20,0.0176471,0.0058781,-0.0039173,3.03E-13,5.24E-13,-8.27E-13
472,0,178,255,-5.14E-21,8.91E-21,-3.77E-21,0.0176514,-0.0058738,0.0039087,-1.13E-12,-1.96E-12,3.09E-12
473,0,182,255,1.37E-21,-2.41E-21,1.04E-21,0.0176299,0.0058523,-0.0038744,4.22E-12,7.30E-12,-1.15E-11
474,0,187,255,-3.26E-22,7.14E-22,-3.88E-22,0.0177114,-0.0057707,0.0037456,-1.57E-11,-2.72E-11,4.30E-11
475,0,191,255,-6.19E-23,-4.50E-22,5.12E-22,0.0174067,0.005466,-0.0032648,5.87E-11,1.02E-10,-1.60E-10
476,0,196,255,5.74E-22,1.09E-21,-1.66E-21,0.0185442,-0.0043285,0.0014706,-2.19E-10,-3.80E-10,5.99E-10
477,0,200,255,-2.23E-21,-3.89E-21,6.13E-21,0.014299,0.0000833,0.001304,8.18E-10,1.42E-09,-2.23E-09
478,0,204,255,8.36E-21,1.45E-20,-2.28E-20,0.0183776,0.0039953,-0.002765,-3.05E-09,-5.29E-09,8.34E-09
479,0,209,255,-3.12E-20,-5.41E-20,8.53E-20,0.0180731,-0.0042998,0.0019129,1.14E-08,1.97E-08,-3.11E-08
480,0,213,255,1.16E-19,2.02E-19,-3.18E-19,0.0152124,0.001439,-0.0009651,-4.25E-08,-7.36E-08,1.16E-07
481,0,217,255,-4.35E-19,-7.53E-19,1.19E-18,0.015195,-0.0014564,0.0019476,1.59E-07,2.75E-07,-4.33E-07
482,0,221,255,1.62E-18,2.81E-18,-4.43E-18,0.0181252,0.0043865,-0.0029038,-5.92E-07,-1.03E-06,1.62E-06
483,0,226,255,-6.05E-18,-1.05E-17,1.65E-17,0.0181867,-0.004325,0.0018246,2.21E-06,3.83E-06,-6.04E-06
484,0,230,255,2.26E-17,3.91E-17,-6.17E-17,0.0150104,0.0011487,-0.0004728,-8.25E-06,-0.0000143,0.0000225
485,0,234,255,-8.43E-17,-1.46E-16,2.30E-16,0.0158893,-0.0002698,0.0000667,0.0000308,0.0000533,-0.0000841
486,0,238,255,3.15E-16,5.45E-16,-8.60E-16,0.0155499,-0.0000696,0.0002059,-0.0001149,-0.0001989,0.0003138
487,0,242,255,-1.17E-15,-2.03E-15,3.21E-15,0.0160285,0.0005482,-0.0008905,0.0004287,0.0007425,-0.0011711
488,0,246,255,4.38E-15,7.59E-15,-1.20E-14,0.0144535,-0.0021232,0.0033559,-0.0015998,-0.002771,0.0043708
489,0,250,255,-1.64E-14,-2.83E-14,4.47E-14,0.0202749,0.0079446,-0.0086117,0.0059706,0.0103414,-0.016312
490,0,255,255,6.11E-14,1.06E-13,-1.67E-13,0.0103291,-0.0178905,0.0075614,-0.0222826,-0.0385946,0.01774
491,0,255,244,-2.28E-13,-3.95E-13,6.23E-13,-0.0027677,0.0047937,-0.0020261,-0.0462519,0.0146253,-0.0075891
492,0,255,234,8.50E-13,1.47E-12,-2.32E-12,0.0007416,-0.0012845,0.0005429,-0.0397685,-0.0081419,0.0047731
493,0,255,223,-3.17E-12,-5.50E-12,8.67E-12,-0.0001987,0.0003442,-0.0001455,-0.0417329,0.0061774,-0.0036602
494,0,255,213,1.18E-11,2.05E-11,-3.24E-11,0.0000532,-0.0000922,0.000039,-0.0403587,-0.0048032,0.0020246
495,0,255,202,-4.42E-11,-7.66E-11,1.21E-10,-0.0000143,0.0000247,-0.0000104,-0.0438912,0.0012707,-0.0005167
496,0,255,191,1.65E-10,2.86E-10,-4.51E-10,3.82E-06,-6.62E-06,2.80E-06,-0.0429,-0.0002795,0.0000423
497,0,255,180,-6.16E-10,-1.07E-09,1.68E-09,-1.02E-06,1.77E-06,-7.50E-07,-0.0433322,-0.0001527,0.0003476
498,0,255,169,2.30E-09,3.98E-09,-6.28E-09,2.74E-07,-4.75E-07,2.01E-07,-0.0425947,0.0008902,-0.0014327
499,0,255,158,-8.58E-09,-1.49E-08,2.34E-08,-7.35E-08,1.27E-07,-5.38E-08,-0.0451125,-0.003408,0.0014617
500,0,255,146,3.20E-08,5.54E-08,-8.74E-08,1.97E-08,-3.41E-08,1.44E-08,-0.0475434,0.0009771,-0.0004925
501,0,255,134,-1.19E-07,-2.07E-07,3.26E-07,-5.28E-09,9.15E-09,-3.87E-09,-0.0470668,-0.0005005,0.0005084
502,0,255,122,4.46E-07,7.72E-07,-1.22E-06,1.41E-09,-2.45E-09,1.04E-09,-0.0465426,0.0010247,-0.0015409
503,0,255,110,-1.66E-06,-2.88E-06,4.54E-06,-3.79E-10,6.57E-10,-2.78E-10,-0.049116,-0.0035981,0.0017337
504,0,255,97,6.21E-06,0.0000108,-0.000017,1.02E-10,-1.76E-10,7.44E-11,-0.0511111,0.0016029,-0.0014721
505,0,255,84,-0.0000232,-0.0000401,0.0000633,-2.72E-11,4.71E-11,-1.99E-11,-0.0523218,-0.0028135,0.0002333
506,0,255,70,0.0000865,0.0001498,-0.0002362,7.29E-12,-1.26E-11,5.34E-12,-0.0572488,-0.0021135,0.0005388
507,0,255,55,-0.0003227,-0.000559,0.0008817,-1.95E-12,3.38E-12,-1.43E-12,-0.0598595,-0.0004971,0.0015331
508,0,255,40,0.0012044,0.0020861,-0.0032905,5.24E-13,-9.07E-13,3.83E-13,-0.0562545,0.0041021,-0.0145142
509,0,255,23,-0.0044949,-0.0077853,0.0122802,-1.40E-13,2.43E-13,-1.03E-13,-0.091593,-0.0394406,0.0408375
510,0,255,0,0.016775,0.0290552,-0.0144577,3.76E-14,-6.51E-14,2.75E-14,-0.0479616,0.083072,-0.0351103
511,8,255,0,0.0315123,-0.0143179,0.006335,-1.01E-14,1.74E-14,-7.37E-15,0.0128513,-0.0222591,0.0094078
512,14,255,0,0.0218815,0.0046871,-0.0030392,2.70E-15,-4.67E-15,1.98E-15,-0.0034435,0.0059643,-0.0025208
513,20,255,0,0.0221382,-0.0044304,0.0019001,-7.23E-16,1.25E-15,-5.29E-16,0.0009227,-0.0015981,0.0006754
514,25,255,0,0.0189776,0.0012699,-0.0006396,1.94E-16,-3.36E-16,1.42E-16,-0.0002472,0.0004282,-0.000181
515,30,255,0,0.0195985,-0.000649,0.0006584,-5.19E-17,8.99E-17,-3.80E-17,0.0000662,-0.0001147,0.0000485
516,35,255,0,0.0202756,0.0013261,-0.0019939,1.39E-17,-2.41E-17,1.02E-17,-0.0000178,0.0000307,-0.000013
517,40,255,0,0.0169462,-0.0046556,0.0033957,-3.73E-18,6.46E-18,-2.73E-18,4.76E-06,-8.24E-06,3.48E-06
518,44,255,0,0.017822,0.0055314,-0.0037456,9.99E-19,-1.73E-18,7.31E-19,-1.27E-06,2.21E-06,-9.33E-07
519,49,255,0,0.017648,-0.0057055,0.0037437,-2.68E-19,4.64E-19,-1.96E-19,3.41E-07,-5.91E-07,2.50E-07
520,53,255,0,0.0174682,0.0055257,-0.0033861,7.17E-20,-1.24E-19,5.25E-20,-9.15E-08,1.58E-07,-6.70E-08
521,58,255,0,0.0183614,-0.0046325,0.0019575,-1.92E-20,3.33E-20,-1.41E-20,2.45E-08,-4.25E-08,1.79E-08
522,62,255,0,0.0149686,0.0012398,-0.0005222,5.15E-21,-8.92E-21,3.77E-21,-6.57E-09,1.14E-08,-4.81E-09
523,66,255,0,0.0158818,-0.0003267,0.0001312,-1.38E-21,2.39E-21,-1.01E-21,1.76E-09,-3.05E-09,1.29E-09
524,70,255,0,0.0156219,0.0000668,-2.47E-06,3.70E-22,-6.40E-22,2.71E-22,-4.72E-10,8.17E-10,-3.45E-10
525,74,255,0,0.0157482,0.0000594,-0.0001213,-9.91E-23,1.72E-22,-7.25E-23,1.26E-10,-2.19E-10,9.25E-11
526,78,255,0,0.0155031,-0.0003045,0.0004877,2.65E-23,-4.60E-23,1.94E-23,-3.39E-11,5.87E-11,-2.48E-11
527,82,255,0,0.0163571,0.0011585,-0.0018293,-7.11E-24,1.23E-23,-5.21E-24,9.07E-12,-1.57E-11,6.64E-12
528,86,255,0,0.0131861,-0.0043295,0.0029081,1.91E-24,-3.30E-24,1.40E-24,-2.43E-12,4.21E-12,-1.78E-12
529,89,255,0,0.0132514,0.0043947,-0.0019598,-5.11E-25,8.84E-25,-3.74E-25,6.51E-13,-1.13E-12,4.77E-13
530,93,255,0,0.0161614,-0.0014847,0.0010096,1.37E-25,-2.37E-25,1.00E-25,-1.75E-13,3.02E-13,-1.28E-13
531,97,255,0,0.0162208,0.0015442,-0.0020787,-3.67E-26,6.35E-26,-2.68E-26,4.68E-14,-8.10E-14,3.42E-14
532,101,255,0,0.013073,-0.0046919,0.0033836,9.82E-27,-1.70E-26,7.20E-27,-1.25E-14,2.17E-14,-9.17E-15
533,104,255,0,0.01384,0.0054589,-0.0036126,-2.62E-27,4.58E-27,-1.96E-27,3.36E-15,-5.82E-15,2.46E-15
534,108,255,0,0.01392,-0.0053789,0.0032236,6.64E-28,-1.29E-27,6.28E-28,-9.00E-16,1.56E-15,-6.59E-16
535,111,255,0,0.0128331,0.004292,-0.0014388,-3.59E-29,5.92E-28,-5.56E-28,2.41E-16,-4.18E-16,1.77E-16
536,115,255,0,0.0171007,-0.0000243,-0.0013902,-5.21E-28,-1.08E-27,1.60E-27,-6.46E-17,1.12E-16,-4.73E-17
537,119,255,0,0.0128817,-0.0041948,0.0030778,2.12E-27,3.72E-27,-5.83E-27,1.73E-17,-3.00E-17,1.27E-17
538,122,255,0,0.0137256,0.0050387,-0.003078,-7.95E-27,-1.38E-26,2.17E-26,-4.64E-18,8.03E-18,-3.40E-18
539,126,255,0,0.014569,-0.0041952,0.001391,2.97E-26,5.14E-26,-8.11E-26,1.24E-18,-2.15E-18,9.10E-19
540,129,255,0,0.0103514,-0.0000223,0.0014356,-1.11E-25,-1.92E-25,3.03E-25,-3.33E-19,5.77E-19,-2.44E-19
541,132,255,0,0.0146135,0.0042844,-0.0032117,4.14E-25,7.16E-25,-1.13E-24,8.92E-20,-1.55E-19,6.53E-20
542,136,255,0,0.0135473,-0.0053506,0.003568,-1.54E-24,-2.67E-24,4.22E-24,-2.39E-20,4.14E-20,-1.75E-20
543,139,255,0,0.0135501,0.0053534,-0.0032172,5.76E-24,9.98E-24,-1.57E-23,6.41E-21,-1.11E-20,4.69E-21
544,143,255,0,0.0146052,-0.0042983,0.0014578,-2.15E-23,-3.72E-23,5.87E-23,-1.72E-21,2.97E-21,-1.26E-21
545,146,255,0,0.0103821,0.0000752,0.0013075,8.02E-23,1.39E-22,-2.19E-22,4.60E-22,-7.97E-22,3.37E-22
546,149,255,0,0.0144548,0.0039976,-0.0027661,-2.99E-22,-5.19E-22,8.18E-22,-1.23E-22,2.13E-22,-9.02E-23
547,153,255,0,0.0141516,-0.0043008,0.0019139,1.12E-21,1.94E-21,-3.05E-21,3.30E-23,-5.72E-23,2.42E-23
548,156,255,0,0.0112917,0.0014408,-0.0009678,-4.17E-21,-7.22E-21,1.14E-20,-8.85E-24,1.53E-23,-6.48E-24
549,159,255,0,0.0112699,-0.0014626,0.0019574,1.56E-20,2.70E-20,-4.25E-20,2.37E-24,-4.11E-24,1.74E-24
550,162,255,0,0.0142169,0.0044095,-0.0029401,-5.81E-20,-1.01E-19,1.59E-19,-6.35E-25,1.10E-24,-4.65E-25
551,166,255,0,0.0142156,-0.0044108,0.0019599,2.17E-19,3.75E-19,-5.92E-19,1.70E-25,-2.95E-25,1.25E-25
552,169,255,0,0.0112737,0.0014688,-0.0009778,-8.09E-19,-1.40E-18,2.21E-18,-4.56E-26,7.90E-26,-3.34E-26
553,172,255,0,0.011278,-0.0014645,0.0019512,3.02E-18,5.23E-18,-8.25E-18,1.22E-26,-2.12E-26,8.95E-27
554,175,255,0,0.0142026,0.004389,-0.0029053,-1.13E-17,-1.95E-17,3.08E-17,-3.27E-27,5.67E-27,-2.40E-27
555,179,255,0,0.0142647,-0.0043269,0.0018269,4.21E-17,7.28E-17,-1.15E-16,8.78E-28,-1.52E-27,6.42E-28
556,182,255,0,0.0110917,0.0011539,-0.0004808,-1.57E-16,-2.72E-16,4.29E-16,-2.35E-28,4.07E-28,-1.72E-28
557,185,255,0,0.0119569,-0.0002886,0.0000963,5.86E-16,1.01E-15,-1.60E-15,6.30E-29,-1.09E-28,4.61E-29
558,188,255,0,0.0116688,4.29E-07,0.0000955,-2.19E-15,-3.79E-15,5.97E-15,-1.69E-29,2.92E-29,-1.24E-29
559,191,255,0,0.0119561,0.0002869,-0.0004782,8.16E-15,1.41E-14,-2.23E-14,4.52E-30,-7.83E-30,3.31E-30
560,194,255,0,0.0110951,-0.0011479,0.0018175,-3.04E-14,-5.27E-14,8.32E-14,-1.21E-30,2.10E-30,-8.87E-31
561,197,255,0,0.0142518,0.0043046,-0.0028701,1.14E-13,1.97E-13,-3.10E-13,3.25E-31,-5.63E-31,2.38E-31
562,201,255,0,0.0142506,-0.0043058,0.0018198,-4.24E-13,-7.34E-13,1.16E-12,-8.70E-32,1.51E-31,-6.37E-32
563,204,255,0,0.0110986,0.0011537,-0.0004876,1.58E-12,2.74E-12,-4.32E-12,2.33E-32,-4.04E-32,1.71E-32
564,207,255,0,0.0119432,-0.0003091,0.0001307,-5.91E-12,-1.02E-11,1.61E-11,-6.25E-33,1.08E-32,-4.57E-33
565,210,255,0,0.0117169,0.0000828,-0.000035,2.20E-11,3.82E-11,-6.02E-11,1.67E-33,-2.90E-33,1.23E-33
566,213,255,0,0.0117775,-0.0000222,9.38E-06,-8.23E-11,-1.42E-10,2.25E-10,-4.49E-34,7.77E-34,-3.28E-34
567,216,255,0,0.0117613,5.95E-06,-2.51E-06,3.07E-10,5.32E-10,-8.39E-10,1.20E-34,-2.08E-34,8.80E-35
568,219,255,0,0.0117656,-1.59E-06,6.76E-07,-1.15E-09,-1.98E-09,3.13E-09,-3.22E-35,5.58E-35,-2.36E-35
569,222,255,0,0.0117645,4.32E-07,-1.89E-07,4.28E-09,7.41E-09,-1.17E-08,8.63E-36,-1.49E-35,6.32E-36
570,225,255,0,0.0117648,-1.34E-07,7.90E-08,-1.60E-08,-2.76E-08,4.36E-08,-2.31E-36,4.00E-36,-1.69E-36
571,228,255,0,0.0117647,1.03E-07,-1.27E-07,5.96E-08,1.03E-07,-1.63E-07,6.20E-37,-1.07E-36,4.54E-37
572,231,255,0,0.0117646,-2.79E-07,4.31E-07,-2.22E-07,-3.85E-07,6.07E-07,-1.66E-37,2.88E-37,-1.22E-37
573,234,255,0,0.0117653,1.01E-06,-1.59E-06,8.30E-07,1.44E-06,-2.27E-06,4.45E-38,-7.70E-38,3.26E-38
574,237,255,0,0.0117625,-3.77E-06,5.95E-06,-3.10E-06,-5.36E-06,8.46E-06,-1.19E-38,2.06E-38,-8.73E-39
575,240,255,0,0.0117728,0.0000141,-0.0000222,0.0000116,0.00002,-0.0000316,0,0,0
576,243,255,0,0.0117344,-0.0000525,0.0000828,-0.0000431,-0.0000747,0.0001178,0,0,0
577,246,255,0,0.0118779,0.000196,-0.0003092,0.0001609,0.0002787,-0.0004397,0,0,0
578,249,255,0,0.0113424,-0.0007315,0.0011538,-0.0006006,-0.0010402,0.0016408,0,0,0
579,252,255,0,0.0133409,0.00273,-0.0043062,0.0022414,0.0038823,-0.0061237,0,0,0
580,255,255,0,0.0058824,-0.0101885,0.0043062,-0.0083651,-0.0144888,0.0071676,0,0,0
581,255,251,0,-0.0015762,0.00273,-0.0011538,-0.0158398,0.007014,-0.0029389,0,0,0
582,255,248,0,0.0004223,-0.0007315,0.0003092,-0.0106284,-0.0018026,0.0006663,0,0,0
583,255,245,0,-0.0001132,0.000196,-0.0000828,-0.0122346,0.0001964,0.0002735,0,0,0
584,255,242,0,0.0000303,-0.0000525,0.0000222,-0.0110213,0.0010169,-0.0017603,0,0,0
585,255,239,0,-8.12E-06,0.0000141,-5.95E-06,-0.0142684,-0.0042639,0.002846,0,0,0
586,255,235,0,2.18E-06,-3.77E-06,1.59E-06,-0.0142581,0.0042742,-0.0017807,0,0,0
587,255,232,0,-5.83E-07,1.01E-06,-4.27E-07,-0.011052,-0.001068,0.0003552,0,0,0
588,255,229,0,1.56E-07,-2.71E-07,1.14E-07,-0.0121222,-2.26E-06,0.0003598,0,0,0
589,255,226,0,-4.19E-08,7.25E-08,-3.07E-08,-0.0110474,0.001077,-0.0017943,0,0,0
590,255,223,0,1.12E-08,-1.94E-08,8.22E-09,-0.0142762,-0.0043058,0.0028958,0,0,0
591,255,219,0,-3.01E-09,5.21E-09,-2.20E-09,-0.0142005,0.0043815,-0.0019457,0,0,0
592,255,216,0,8.06E-10,-1.40E-09,5.90E-10,-0.0112746,-0.0014556,0.0009655,0,0,0
593,255,213,0,-2.16E-10,3.74E-10,-1.58E-10,-0.0112893,0.0014408,-0.0019162,0,0,0
594,255,210,0,5.78E-11,-1.00E-10,4.23E-11,-0.0141563,-0.0043078,0.0027778,0,0,0
595,255,206,0,-1.55E-11,2.68E-11,-1.13E-11,-0.0144385,0.0040256,-0.0013518,0,0,0
596,255,203,0,4.15E-12,-7.19E-12,3.04E-12,-0.0104427,-0.0000299,-0.0012921,0,0,0
597,255,200,0,-1.11E-12,1.93E-12,-8.15E-13,-0.0143788,-0.0039062,0.0025987,0,0,0
598,255,196,0,2.98E-13,-5.16E-13,2.18E-13,-0.0143951,0.0038898,-0.0012594,0,0,0
599,255,193,0,-7.99E-14,1.38E-13,-5.85E-14,-0.0103937,0.0001116,-0.0014825,0,0,0
600,255,190,0,2.14E-14,-3.71E-14,1.57E-14,-0.0146182,-0.0043361,0.003268,0,0,0
601,255,186,0,-5.74E-15,9.94E-15,-4.20E-15,-0.0134863,0.005468,-0.0037465,0,0,0
602,255,183,0,1.54E-15,-2.66E-15,1.13E-15,-0.0137896,-0.0057713,0.0038746,0,0,0
603,255,179,0,-4.12E-16,7.13E-16,-3.02E-16,-0.0137083,0.0058526,-0.003909,0,0,0
604,255,176,0,1.10E-16,-1.91E-16,8.08E-17,-0.0137301,-0.0058744,0.0039182,0,0,0
605,255,172,0,-2.96E-17,5.12E-17,-2.16E-17,-0.0137243,0.0058802,-0.0039207,0,0,0
606,255,169,0,7.92E-18,-1.37E-17,5.80E-18,-0.0137258,-0.0058817,0.0039213,0,0,0
607,255,165,0,-2.12E-18,3.68E-18,-1.55E-18,-0.0137255,0.0058821,-0.0039213,0,0,0
608,255,162,0,5.69E-19,-9.85E-19,4.16E-19,-0.0137253,-0.0058819,0.0039209,0,0,0
609,255,158,0,-1.52E-19,2.64E-19,-1.12E-19,-0.0137264,0.0058807,-0.003919,0,0,0
610,255,155,0,4.08E-20,-7.07E-20,2.99E-20,-0.013722,-0.0058764,0.0039121,0,0,0
611,255,151,0,-1.09E-20,1.90E-20,-8.01E-21,-0.0137384,0.00586,-0.0038864,0,0,0
612,255,148,0,2.93E-21,-5.08E-21,2.15E-21,-0.0136774,-0.0057991,0.0037902,0,0,0
613,255,144,0,-7.86E-22,1.36E-21,-5.75E-22,-0.0139049,0.0055716,-0.0034314,0,0,0
614,255,141,0,2.11E-22,-3.65E-22,1.54E-22,-0.0130559,-0.0047225,0.0020921,0,0,0
615,255,137,0,-5.64E-23,9.77E-23,-4.13E-23,-0.0162246,0.0015538,-0.0010156,0,0,0
616,255,133,0,1.51E-23,-2.62E-23,1.11E-23,-0.0161636,-0.0014929,0.0019702,0,0,0
617,255,129,0,-4.05E-24,7.02E-24,-2.97E-24,-0.0132388,0.0044176,-0.0029435,0,0,0
618,255,126,0,1.09E-24,-1.88E-24,7.94E-25,-0.0132341,-0.0044129,0.0019608,0,0,0
619,255,122,0,-2.91E-25,5.04E-25,-2.13E-25,-0.0161776,0.0014694,-0.000978,0,0,0
620,255,118,0,7.79E-26,-1.35E-25,5.70E-26,-0.0161729,-0.0014647,0.0019514,0,0,0
621,255,114,0,-2.09E-26,3.62E-26,-1.53E-26,-0.0132483,0.0043894,-0.0029058,0,0,0
622,255,111,0,5.59E-27,-9.69E-27,4.10E-27,-0.013187,-0.0043281,0.0018288,0,0,0
623,255,107,0,-1.50E-27,2.60E-27,-1.10E-27,-0.0163568,0.0011582,-0.0004877,0,0,0
624,255,103,0,4.02E-28,-6.96E-28,2.94E-28,-0.0155034,-0.0003048,0.0001219,0,0,0
625,255,99,0,-1.08E-28,1.86E-28,-7.88E-29,-0.0157472,0.000061,9.22E-09,0,0,0
626,255,95,0,2.88E-29,-4.99E-29,2.11E-29,-0.0156253,0.000061,-0.000122,0,0,0
627,255,91,0,-7.73E-30,1.34E-29,-5.66E-30,-0.0158692,-0.0003049,0.0004878,0,0,0
628,255,87,0,2.07E-30,-3.59E-30,1.52E-30,-0.0150156,0.0011585,-0.0018292,0,0,0
629,255,83,0,-5.55E-31,9.61E-31,-4.06E-31,-0.0181862,-0.0043292,0.0029076,0,0,0
630,255,78,0,1.49E-31,-2.57E-31,1.09E-31,-0.0181218,0.0043936,-0.001958,0,0,0
631,255,74,0,-3.98E-32,6.90E-32,-2.92E-32,-0.0152087,-0.0014805,0.001003,0,0,0
632,255,70,0,1.07E-32,-1.85E-32,7.81E-33,-0.0151609,0.0015284,-0.0020538,0,0,0
633,255,66,0,-2.86E-33,4.95E-33,-2.09E-33,-0.0182655,-0.004633,0.0032906,0,0,0
634,255,61,0,7.66E-34,-1.33E-33,5.61E-34,-0.0176597,0.0052387,-0.0032653,0,0,0
635,255,57,0,-2.05E-34,3.56E-34,-1.50E-34,-0.0169781,-0.0045571,0.0019274,0,0,0
636,255,52,0,5.50E-35,-9.53E-35,4.03E-35,-0.0203102,0.001225,-0.0005226,0,0,0
637,255,47,0,-1.47E-35,2.55E-35,-1.08E-35,-0.019428,-0.0003428,0.000163,0,0,0
638,255,42,0,3.95E-36,-6.84E-36,2.89E-36,-0.0196246,0.0001462,-0.0001294,0,0,0
639,255,37,0,-1.06E-36,1.83E-36,-7.75E-37,-0.0197204,-0.000242,0.0003545,0,0,0
640,255,32,0,2.84E-37,-4.91E-37,2.08E-37,-0.0191408,0.0008216,-0.0012886,0,0,0
641,255,27,0,-7.60E-38,1.32E-37,-5.56E-38,-0.0213635,-0.0030443,0.0008784,0,0,0
642,255,21,0,2.04E-38,-3.53E-38,1.49E-38,-0.0248169,-0.0004091,0.0016965,0,0,0
643,255,15,0,0,9.48E-39,0,-0.0205454,0.0046806,-0.0076646,0,0,0
644,255,9,0,0,0,0,-0.034178,-0.0183132,0.0171971,0,0,0
645,255,0,0,0,0,0,-0.0192131,0.0332781,-0.014065,0,0,0
646,255,0,0,0,0,0,0.0051481,-0.0089168,0.0037687,0,0,0
647,255,0,0,0,6.04E-39,-9.47E-39,-0.0013794,0.0023893,-0.0010098,0,0,0
648,255,0,0,-1.29E-38,-2.24E-38,3.53E-38,0.0003696,-0.0006402,0.0002706,0,0,0
649,255,0,0,4.82E-38,8.35E-38,-1.32E-37,-0.000099,0.0001715,-0.0000725,0,0,0
650,255,0,0,-1.80E-37,-3.12E-37,4.91E-37,0.0000265,-0.000046,0.0000194,0,0,0
651,255,0,0,6.71E-37,1.16E-36,-1.83E-36,-7.11E-06,0.0000123,-5.21E-06,0,0,0
652,255,0,0,-2.51E-36,-4.34E-36,6.84E-36,1.91E-06,-3.30E-06,1.39E-06,0,0,0
653,255,0,0,9.35E-36,1.62E-35,-2.55E-35,-5.11E-07,8.84E-07,-3.74E-07,0,0,0
654,255,0,0,-3.49E-35,-6.04E-35,9.53E-35,1.37E-07,-2.37E-07,1.00E-07,0,0,0
655,255,0,0,1.30E-34,2.26E-34,-3.56E-34,-3.67E-08,6.35E-08,-2.68E-08,0,0,0
656,255,0,0,-4.86E-34,-8.42E-34,1.33E-33,9.82E-09,-1.70E-08,7.19E-09,0,0,0
657,255,0,0,1.81E-33,3.14E-33,-4.95E-33,-2.63E-09,4.56E-09,-1.93E-09,0,0,0
658,255,0,0,-6.77E-33,-1.17E-32,1.85E-32,7.05E-10,-1.22E-09,5.16E-10,0,0,0
659,255,0,0,2.53E-32,4.38E-32,-6.90E-32,-1.89E-10,3.27E-10,-1.38E-10,0,0,0
660,255,0,0,-9.43E-32,-1.63E-31,2.58E-31,5.06E-11,-8.77E-11,3.71E-11,0,0,0
661,255,0,0,3.52E-31,6.09E-31,-9.61E-31,-1.36E-11,2.35E-11,-9.93E-12,0,0,0
662,255,0,0,-1.31E-30,-2.27E-30,3.59E-30,3.63E-12,-6.30E-12,2.66E-12,0,0,0
663,255,0,0,4.90E-30,8.49E-30,-1.34E-29,-9.74E-13,1.69E-12,-7.13E-13,0,0,0
664,255,0,0,-1.83E-29,-3.17E-29,5.00E-29,2.61E-13,-4.52E-13,1.91E-13,0,0,0
665,255,0,0,6.83E-29,1.18E-28,-1.86E-28,-6.99E-14,1.21E-13,-5.12E-14,0,0,0
666,255,0,0,-2.55E-28,-4.41E-28,6.96E-28,1.87E-14,-3.25E-14,1.37E-14,0,0,0
667,255,0,0,9.51E-28,1.65E-27,-2.60E-27,-5.02E-15,8.70E-15,-3.68E-15,0,0,0
668,255,0,0,-3.55E-27,-6.15E-27,9.69E-27,1.35E-15,-2.33E-15,9.85E-16,0,0,0
669,255,0,0,1.32E-26,2.29E-26,-3.62E-26,-3.60E-16,6.24E-16,-2.64E-16,0,0,0
670,255,0,0,-4.94E-26,-8.56E-26,1.35E-25,9.66E-17,-1.67E-16,7.07E-17,0,0,0
671,255,0,0,1.84E-25,3.19E-25,-5.04E-25,-2.59E-17,4.48E-17,-1.89E-17,0,0,0
672,255,0,0,-6.88E-25,-1.19E-24,1.88E-24,6.93E-18,-1.20E-17,5.08E-18,0,0,0
673,255,0,0,2.57E-24,4.45E-24,-7.02E-24,-1.86E-18,3.22E-18,-1.36E-18,0,0,0
674,255,0,0,-9.59E-24,-1.66E-23,2.62E-23,4.98E-19,-8.62E-19,3.64E-19,0,0,0
675,255,0,0,3.58E-23,6.20E-23,-9.77E-23,-1.33E-19,2.31E-19,-9.77E-20,0,0,0
676,255,0,0,-1.34E-22,-2.31E-22,3.65E-22,3.57E-20,-6.19E-20,2.62E-20,0,0,0
677,255,0,0,4.98E-22,8.63E-22,-1.36E-21,-9.58E-21,1.66E-20,-7.01E-21,0,0,0
678,255,0,0,-1.86E-21,-3.22E-21,5.08E-21,2.57E-21,-4.45E-21,1.88E-21,0,0,0
679,255,0,0,6.94E-21,1.20E-20,-1.90E-20,-6.88E-22,1.19E-21,-5.03E-22,0,0,0
680,255,0,0,-2.59E-20,-4.49E-20,7.08E-20,1.84E-22,-3.19E-22,1.35E-22,0,0,0
681,255,0,0,9.67E-20,1.67E-19,-2.64E-19,-4.94E-23,8.55E-23,-3.61E-23,0,0,0
682,255,0,0,-3.61E-19,-6.25E-19,9.86E-19,1.32E-23,-2.29E-23,9.68E-24,0,0,0
683,255,0,0,1.35E-18,2.33E-18,-3.68E-18,-3.54E-24,6.14E-24,-2.59E-24,0,0,0
684,255,0,0,-5.02E-18,-8.70E-18,1.37E-17,9.50E-25,-1.65E-24,6.95E-25,0,0,0
685,255,0,0,1.88E-17,3.25E-17,-5.12E-17,-2.55E-25,4.41E-25,-1.86E-25,0,0,0
686,255,0,0,-7.00E-17,-1.21E-16,1.91E-16,6.82E-26,-1.18E-25,4.99E-26,0,0,0
687,255,0,0,2.61E-16,4.52E-16,-7.14E-16,-1.83E-26,3.16E-26,-1.34E-26,0,0,0
688,255,0,0,-9.75E-16,-1.69E-15,2.66E-15,4.90E-27,-8.48E-27,3.58E-27,0,0,0
689,255,0,0,3.64E-15,6.30E-15,-9.94E-15,-1.31E-27,2.27E-27,-9.60E-28,0,0,0
690,255,0,0,-1.36E-14,-2.35E-14,3.71E-14,3.52E-28,-6.09E-28,2.57E-28,0,0,0
691,255,0,0,5.07E-14,8.78E-14,-1.38E-13,-9.42E-29,1.63E-28,-6.90E-29,0,0,0
692,255,0,0,-1.89E-13,-3.28E-13,5.17E-13,2.52E-29,-4.37E-29,1.85E-29,0,0,0
693,255,0,0,7.06E-13,1.22E-12,-1.93E-12,-6.76E-30,1.17E-29,-4.95E-30,0,0,0
694,255,0,0,-2.63E-12,-4.56E-12,7.20E-12,1.81E-30,-3.14E-30,1.33E-30,0,0,0
695,255,0,0,9.83E-12,1.70E-11,-2.69E-11,-4.86E-31,8.41E-31,-3.55E-31,0,0,0
696,255,0,0,-3.67E-11,-6.35E-11,1.00E-10,1.30E-31,-2.25E-31,9.52E-32,0,0,0
697,255,0,0,1.37E-10,2.37E-10,-3.74E-10,-3.49E-32,6.04E-32,-2.55E-32,0,0,0
698,255,0,0,-5.11E-10,-8.85E-10,1.40E-09,9.34E-33,-1.62E-32,6.84E-33,0,0,0
699,255,0,0,1.91E-09,3.30E-09,-5.21E-09,-2.50E-33,4.34E-33,-1.83E-33,0,0,0
700,255,0,0,-7.12E-09,-1.23E-08,1.94E-08,6.71E-34,-1.16E-33,4.91E-34,0,0,0
701,255,0,0,2.66E-08,4.60E-08,-7.26E-08,-1.80E-34,3.11E-34,-1.32E-34,0,0,0
702,255,0,0,-9.91E-08,-1.72E-07,2.71E-07,4.81E-35,-8.34E-35,3.52E-35,0,0,0
703,255,0,0,3.70E-07,6.41E-07,-1.01E-06,-1.29E-35,2.23E-35,-9.44E-36,0,0,0
704,255,0,0,-1.38E-06,-2.39E-06,3.77E-06,3.46E-36,-5.99E-36,2.53E-36,0,0,0
705,255,0,0,5.15E-06,8.92E-06,-0.0000141,-9.26E-37,1.60E-36,-6.78E-37,0,0,0
706,255,0,0,-0.0000192,-0.0000333,0.0000525,2.48E-37,-4.30E-37,1.82E-37,0,0,0
707,255,0,0,0.0000718,0.0001243,-0.0001961,-6.65E-38,1.15E-37,-4.87E-38,0,0,0
708,255,0,0,-0.0002678,-0.0004639,0.0007317,1.78E-38,-3.09E-38,1.30E-38,0,0,0
709,255,0,0,0.0009996,0.0017313,-0.0027309,0,8.27E-39,0,0,0,0
710,255,0,0,-0.0037305,-0.0064614,0.0023488,0,0,0,0,0,0
711,253,0,0,-0.0096069,0.000585,0.0011788,0,0,0,0,0,0
712,251,0,0,-0.0049006,0.0041213,-0.0031423,0,0,0,0,0,0
713,250,0,0,-0.0060849,-0.0053056,0.0035473,0,0,0,0,0,0
714,248,0,0,-0.0060541,0.0053363,-0.0032038,0,0,0,0,0,0
715,247,0,0,-0.0049928,-0.004275,0.0014247,0,0,0,0,0,0
716,245,0,0,-0.0092688,-9.53E-07,0.0014266,0,0,0,0,0,0
717,243,0,0,-0.0049909,0.0042788,-0.0032095,0,0,0,0,0,0
718,242,0,0,-0.0060617,-0.0053497,0.0035683,0,0,0,0,0,0
719,240,0,0,-0.0060563,0.0053551,-0.0032204,0,0,0,0,0,0
720,239,0,0,-0.0050073,-0.0043062,0.0014704,0,0,0,0,0,0
721,237,0,0,-0.0092086,0.0001049,0.0012606,0,0,0,0,0,0
722,235,0,0,-0.0052171,0.0038866,-0.0025911,0,0,0,0,0,0
723,234,0,0,-0.0052171,-0.0038866,0.0012605,0,0,0,0,0,0
724,232,0,0,-0.0092087,-0.000105,0.0014706,0,0,0,0,0,0
725,230,0,0,-0.005007,0.0043067,-0.0032213,0,0,0,0,0,0
726,229,0,0,-0.0060574,-0.0053571,0.0035714,0,0,0,0,0,0
727,227,0,0,-0.0060575,0.005357,-0.0032211,0,0,0,0,0,0
728,226,0,0,-0.0050067,-0.0043062,0.0014698,0,0,0,0,0,0
729,224,0,0,-0.0092098,0.0001031,0.0012636,0,0,0,0,0,0
730,222,0,0,-0.0052128,0.003894,-0.0026027,0,0,0,0,0,0
731,221,0,0,-0.005233,-0.0039142,0.0013041,0,0,0,0,0,0
732,219,0,0,-0.0091492,-1.98E-06,0.001308,0,0,0,0,0,0
733,217,0,0,-0.0052291,0.0039221,-0.0026146,0,0,0,0,0,0
734,216,0,0,-0.0052287,-0.0039217,0.0013072,0,0,0,0,0,0
735,214,0,0,-0.0091503,3.83E-08,0.0013072,0,0,0,0,0,0
736,212,0,0,-0.0052288,0.0039216,-0.0026144,0,0,0,0,0,0
737,211,0,0,-0.0052288,-0.0039216,0.0013072,0,0,0,0,0,0
738,209,0,0,-0.0091503,-1.10E-08,0.0013072,0,0,0,0,0,0
739,207,0,0,-0.0052287,0.0039216,-0.0026144,0,0,0,0,0,0
740,206,0,0,-0.0052288,-0.0039217,0.0013074,0,0,0,0,0,0
741,204,0,0,-0.00915,5.31E-07,0.0013064,0,0,0,0,0,0
742,202,0,0,-0.0052299,0.0039196,-0.0026113,0,0,0,0,0,0
743,201,0,0,-0.0052245,-0.0039142,0.0012955,0,0,0,0,0,0
744,199,0,0,-0.0091663,-0.0000276,0.0013507,0,0,0,0,0,0
745,197,0,0,-0.0051693,0.0040246,-0.0027769,0,0,0,0,0,0
746,196,0,0,-0.0054508,-0.0043061,0.0019138,0,0,0,0,0,0
747,194,0,0,-0.0083217,0.0014353,-0.0009567,0,0,0,0,0,0
748,192,0,0,-0.0083213,-0.0014349,0.001913,0,0,0,0,0,0
749,190,0,0,-0.005452,0.0043042,-0.0027738,0,0,0,0,0,0
750,189,0,0,-0.005165,-0.0040172,0.001339,0,0,0,0,0,0
751,187,0,0,-0.0091823,-1.43E-07,0.0013393,0,0,0,0,0,0
752,185,0,0,-0.0051647,0.0040178,-0.0027747,0,0,0,0,0,0
753,184,0,0,-0.0054531,-0.0043062,0.0019162,0,0,0,0,0,0
754,182,0,0,-0.008317,0.0014423,-0.0009684,0,0,0,0,0,0
755,180,0,0,-0.0083377,-0.001463,0.0019576,0,0,0,0,0,0
756,178,0,0,-0.005391,0.0044097,-0.0029403,0,0,0,0,0,0
757,177,0,0,-0.0053925,-0.0044112,0.0019606,0,0,0,0,0,0
758,175,0,0,-0.0083332,0.0014704,-0.0009803,0,0,0,0,0,0
759,173,0,0,-0.0083334,-0.0014705,0.0019608,0,0,0,0,0,0
760,171,0,0,-0.0053922,0.0044118,-0.0029412,0,0,0,0,0,0
761,170,0,0,-0.0053922,-0.0044118,0.0019608,0,0,0,0,0,0
762,168,0,0,-0.0083333,0.0014706,-0.0009804,0,0,0,0,0,0
763,166,0,0,-0.0083333,-0.0014706,0.0019607,0,0,0,0,0,0
764,164,0,0,-0.0053922,0.0044117,-0.002941,0,0,0,0,0,0
765,163,0,0,-0.0053919,-0.0044114,0.0019602,0,0,0,0,0,0
766,161,0,0,-0.0083342,0.0014691,-0.000978,0,0,0,0,0,0
767,159,0,0,-0.0083301,-0.001465,0.001952,0,0,0,0,0,0
768,157,0,0,-0.0054041,0.004391,-0.0029085,0,0,0,0,0,0
769,156,0,0,-0.0053475,-0.0043344,0.0018388,0,0,0,0,0,0
770,154,0,0,-0.0084999,0.001182,-0.0005252,0,0,0,0,0,0
771,152,0,0,-0.0077116,-0.0003936,0.0002621,0,0,0,0,0,0
772,150,0,0,-0.0077126,0.0003926,-0.000523,0,0,0,0,0,0
773,148,0,0,-0.0084967,-0.0011766,0.0018301,0,0,0,0,0,0
774,146,0,0,-0.0053595,0.0043138,-0.0028758,0,0,0,0,0,0
775,145,0,0,-0.0053595,-0.0043137,0.0018301,0,0,0,0,0,0
776,143,0,0,-0.0084967,0.0011765,-0.0005229,0,0,0,0,0,0
777,141,0,0,-0.0077124,-0.0003921,0.0002614,0,0,0,0,0,0
778,139,0,0,-0.0077125,0.000392,-0.0005227,0,0,0,0,0,0
779,137,0,0,-0.0084965,-0.001176,0.0018294,0,0,0,0,0,0
780,135,0,0,-0.0053604,0.0043121,-0.0028733,0,0,0,0,0,0
781,134,0,0,-0.005356,-0.0043077,0.0018205,0,0,0,0,0,0
782,132,0,0,-0.0085098,0.0011539,-0.0004872,0,0,0,0,0,0
783,130,0,0,-0.0076637,-0.0003078,0.0001283,0,0,0,0,0,0
784,128,0,0,-0.0078944,0.000077,-0.0000257,0,0,0,0,0,0
785,126,0,0,-0.0078175,-5.85E-08,-0.0000256,0,0,0,0,0,0
786,124,0,0,-0.0078944,-0.0000769,0.0001282,0,0,0,0,0,0
787,122,0,0,-0.0076637,0.0003076,-0.000487,0,0,0,0,0,0
788,120,0,0,-0.0085096,-0.0011534,0.0018198,0,0,0,0,0,0
789,118,0,0,-0.0053569,0.0043061,-0.0028707,0,0,0,0,0,0
790,117,0,0,-0.005357,-0.0043062,0.00182,0,0,0,0,0,0
791,115,0,0,-0.0085093,0.0011538,-0.0004877,0,0,0,0,0,0
792,113,0,0,-0.0076646,-0.0003092,0.0001307,0,0,0,0,0,0
793,111,0,0,-0.007891,0.0000828,-0.000035,0,0,0,0,0,0
794,109,0,0,-0.0078303,-0.0000222,9.38E-06,0,0,0,0,0,0
795,107,0,0,-0.0078466,5.95E-06,-2.52E-06,0,0,0,0,0,0
796,105,0,0,-0.0078422,-1.60E-06,6.87E-07,0,0,0,0,0,0
797,103,0,0,-0.0078434,4.58E-07,-2.29E-07,0,0,0,0,0,0
798,101,0,0,-0.0078431,-2.29E-07,2.29E-07,0,0,0,0,0,0
799,99,0,0,-0.0078429,4.58E-07,-6.86E-07,0,0,0,0,0,0
800,97,0,0,-0.0078441,-1.60E-06,2.52E-06,0,0,0,0,0,0
801,95,0,0,-0.0078397,5.95E-06,-9.38E-06,0,0,0,0,0,0
802,93,0,0,-0.007856,-0.0000222,0.000035,0,0,0,0,0,0
803,91,0,0,-0.0077953,0.0000828,-0.0001307,0,0,0,0,0,0
804,89,0,0,-0.0080216,-0.0003091,0.0004876,0,0,0,0,0,0
805,87,0,0,-0.007177,0.0011537,-0.0018198,0,0,0,0,0,0
806,85,0,0,-0.0103291,-0.0043058,0.0028701,0,0,0,0,0,0
807,82,0,0,-0.0103302,0.0043046,-0.0018175,0,0,0,0,0,0
808,80,0,0,-0.0071735,-0.0011479,0.0004782,0,0,0,0,0,0
809,78,0,0,-0.0080345,0.0002869,-0.0000955,0,0,0,0,0,0
810,76,0,0,-0.0077472,4.19E-07,-0.0000963,0,0,0,0,0,0
811,74,0,0,-0.0080354,-0.0002885,0.0004808,0,0,0,0,0,0
812,72,0,0,-0.0071702,0.0011537,-0.0018267,0,0,0,0,0,0
813,70,0,0,-0.0103428,-0.0043264,0.0029045,0,0,0,0,0,0
814,67,0,0,-0.0102821,0.004387,-0.001948,0,0,0,0,0,0
815,65,0,0,-0.0073522,-0.0014571,0.0009661,0,0,0,0,0,0
816,63,0,0,-0.007368,0.0014413,-0.0019164,0,0,0,0,0,0
817,61,0,0,-0.0102346,-0.0043079,0.0027778,0,0,0,0,0,0
818,58,0,0,-0.0105169,0.0040256,-0.0013518,0,0,0,0,0,0
819,56,0,0,-0.0065211,-0.0000298,-0.0012922,0,0,0,0,0,0
820,54,0,0,-0.0104573,-0.0039063,0.0025989,0,0,0,0,0,0
821,51,0,0,-0.0104732,0.0038904,-0.0012603,0,0,0,0,0,0
822,49,0,0,-0.0064734,0.0001094,-0.0014792,0,0,0,0,0,0
823,47,0,0,-0.010692,-0.0043281,0.0032554,0,0,0,0,0,0
824,44,0,0,-0.009582,0.0054382,-0.0036994,0,0,0,0,0,0
825,42,0,0,-0.0098037,-0.0056599,0.0036989,0,0,0,0,0,0
826,39,0,0,-0.0100269,0.0054367,-0.0032529,0,0,0,0,0,0
827,37,0,0,-0.0089123,-0.0043221,0.0014697,0,0,0,0,0,0
828,34,0,0,-0.0131474,0.000087,0.0012957,0,0,0,0,0,0
829,31,0,0,-0.0090864,0.003974,-0.0027308,0,0,0,0,0,0
830,29,0,0,-0.0093306,-0.0042183,0.0017842,0,0,0,0,0,0
831,26,0,0,-0.0124146,0.0011343,-0.0004845,0,0,0,0,0,0
832,23,0,0,-0.0115993,-0.0003191,0.0001537,0,0,0,0,0,0
833,20,0,0,-0.0117764,0.0001421,-0.0001304,0,0,0,0,0,0
834,17,0,0,-0.0118835,-0.0002492,0.000368,0,0,0,0,0,0
835,14,0,0,-0.0112779,0.0008549,-0.0013417,0,0,0,0,0,0
836,11,0,0,-0.0135932,-0.0031702,0.0010771,0,0,0,0,0,0
837,7,0,0,-0.0167023,0.0000611,0.0009549,0,0,0,0,0,0
838,3,0,0,-0.0137153,0.0029259,-0.0009753,0,0,0,0,0,0
,,,,,,,,,,,0,
